1,DE,ESP-AZTI_DCF_Onboard_Sampling,NatpilCF,2015,DE_stratum1,Y,6,6-2015-DE_stratum1
1,SD,VA,1,1,6-2015-DE_stratum1-1
1,OS,1,abc,N,VAVAT,2015-03-31,NA,U,N,U,NA,NA,NA,2,1,NA,NA,SRSWR,OS_unit_1,NA,NA,NA,NA,NA,NA,Y,NA,1,6-2015-DE_stratum1-1-1
1,FT,VDcode_6,1,N,U,N,U,Control,At-Sea,NA,VAVAT,2015-04-12,NA,VAVAT,2015-04-25,NA,2,1,NA,NA,SRSWR,FT_unit_1,NA,NA,NA,NA,NA,Y,NA,1,6-2015-DE_stratum1-1-1-1
1,FO,N,1,U,N,U,NA,H,I,All,NA,NA,2015-04-25,NA,NA,NA,NA,NA,NA,NA,27,NA,NotApplicable,NA,NA,NA,NA,NA,DRB_MOL_30_0_0,DRB,NA,NA,NA,NA,Funcping,NA,Ha,10,3,NA,NA,SRSWR,FO_unit_1,NA,NA,NA,NA,NA,Y,NA,1,6-2015-DE_stratum1-1-1-1-1
1,LE,VDcode_2,N,1,NA,U,N,U,NA,N,All,VAVAT,NA,VA,2015-05-04,NA,NA,27,NA,NotApplicable,NA,NA,NA,DRB_MOL_30_0_0,DRB,NA,NA,NA,NA,Funcping,NA,2,1,NA,NA,SRSWR,LE_unit_1,NA,NA,NA,NA,NA,Y,NA,NA,1,6-2015-DE_stratum1-1-1-1-1-1
1,SS,1,N,haul,Lan,vis,U,N,U,Control,VA_2015_SpeciesList,N,4,1,NA,NA,SRSWR,SS_unit_1,NA,NA,NA,NA,NA,Y,NA,1,6-2015-DE_stratum1-1-1-1-1-1-1
1,SA,1,NA,N,U,103305,NA,Boiled,Alive,Lan,HuC,NA,NA,F,NA,27,NA,NotApplicable,NA,NA,NA,FPN_CAT_>0_0_0,FPN,NA,NA,NA,Basket,NA,NA,3,2,NA,NA,SRSWR,SA_unit_1,A,NA,Y,NA,NA,NA,NA,NA,1,6-2015-DE_stratum1-1-1-1-1-1-1-1
1,FM,110,1,Cephalothorax Length,NA,NA,NA,NA,NA,1,6-2015-DE_stratum1-1-1-1-1-1-1-1-1
1,BV,1,N,U,Age,2,Year,NA,NA,2,2,NA,NA,SRSWR,BV_unit_1,NA,1,6-2015-DE_stratum1-1-1-1-1-1-1-1-1-1
2,BV,2,N,U,Age,2,Year,NA,NA,2,2,NA,NA,SRSWR,BV_unit_2,NA,1,6-2015-DE_stratum1-1-1-1-1-1-1-1-1-2
10,FM,200,10,Cephalothorax Length,NA,NA,NA,NA,NA,1,6-2015-DE_stratum1-1-1-1-1-1-1-1-10
19,BV,19,N,U,Age,4,Year,NA,NA,2,2,NA,NA,SRSWR,BV_unit_1,NA,10,6-2015-DE_stratum1-1-1-1-1-1-1-1-10-19
20,BV,20,N,U,Age,4,Year,NA,NA,2,2,NA,NA,SRSWR,BV_unit_2,NA,10,6-2015-DE_stratum1-1-1-1-1-1-1-1-10-20
11,FM,210,10,Cephalothorax Length,NA,NA,NA,NA,NA,1,6-2015-DE_stratum1-1-1-1-1-1-1-1-11
21,BV,21,N,U,Age,4,Year,NA,NA,2,2,NA,NA,SRSWR,BV_unit_1,NA,11,6-2015-DE_stratum1-1-1-1-1-1-1-1-11-21
22,BV,22,N,U,Age,4,Year,NA,NA,2,2,NA,NA,SRSWR,BV_unit_2,NA,11,6-2015-DE_stratum1-1-1-1-1-1-1-1-11-22
12,FM,220,10,Cephalothorax Length,NA,NA,NA,NA,NA,1,6-2015-DE_stratum1-1-1-1-1-1-1-1-12
23,BV,23,N,U,Age,4,Year,NA,NA,2,2,NA,NA,SRSWR,BV_unit_1,NA,12,6-2015-DE_stratum1-1-1-1-1-1-1-1-12-23
24,BV,24,N,U,Age,4,Year,NA,NA,2,2,NA,NA,SRSWR,BV_unit_2,NA,12,6-2015-DE_stratum1-1-1-1-1-1-1-1-12-24
13,FM,230,9,Cephalothorax Length,NA,NA,NA,NA,NA,1,6-2015-DE_stratum1-1-1-1-1-1-1-1-13
25,BV,25,N,U,Age,5,Year,NA,NA,2,2,NA,NA,SRSWR,BV_unit_1,NA,13,6-2015-DE_stratum1-1-1-1-1-1-1-1-13-25
26,BV,26,N,U,Age,5,Year,NA,NA,2,2,NA,NA,SRSWR,BV_unit_2,NA,13,6-2015-DE_stratum1-1-1-1-1-1-1-1-13-26
14,FM,240,8,Cephalothorax Length,NA,NA,NA,NA,NA,1,6-2015-DE_stratum1-1-1-1-1-1-1-1-14
27,BV,27,N,U,Age,5,Year,NA,NA,2,2,NA,NA,SRSWR,BV_unit_1,NA,14,6-2015-DE_stratum1-1-1-1-1-1-1-1-14-27
28,BV,28,N,U,Age,5,Year,NA,NA,2,2,NA,NA,SRSWR,BV_unit_2,NA,14,6-2015-DE_stratum1-1-1-1-1-1-1-1-14-28
15,FM,250,7,Cephalothorax Length,NA,NA,NA,NA,NA,1,6-2015-DE_stratum1-1-1-1-1-1-1-1-15
29,BV,29,N,U,Age,5,Year,NA,NA,2,2,NA,NA,SRSWR,BV_unit_1,NA,15,6-2015-DE_stratum1-1-1-1-1-1-1-1-15-29
30,BV,30,N,U,Age,5,Year,NA,NA,2,2,NA,NA,SRSWR,BV_unit_2,NA,15,6-2015-DE_stratum1-1-1-1-1-1-1-1-15-30
16,FM,260,6,Cephalothorax Length,NA,NA,NA,NA,NA,1,6-2015-DE_stratum1-1-1-1-1-1-1-1-16
31,BV,31,N,U,Age,5,Year,NA,NA,2,2,NA,NA,SRSWR,BV_unit_1,NA,16,6-2015-DE_stratum1-1-1-1-1-1-1-1-16-31
32,BV,32,N,U,Age,5,Year,NA,NA,2,2,NA,NA,SRSWR,BV_unit_2,NA,16,6-2015-DE_stratum1-1-1-1-1-1-1-1-16-32
17,FM,270,5,Cephalothorax Length,NA,NA,NA,NA,NA,1,6-2015-DE_stratum1-1-1-1-1-1-1-1-17
33,BV,33,N,U,Age,5,Year,NA,NA,2,2,NA,NA,SRSWR,BV_unit_1,NA,17,6-2015-DE_stratum1-1-1-1-1-1-1-1-17-33
34,BV,34,N,U,Age,5,Year,NA,NA,2,2,NA,NA,SRSWR,BV_unit_2,NA,17,6-2015-DE_stratum1-1-1-1-1-1-1-1-17-34
18,FM,280,4,Cephalothorax Length,NA,NA,NA,NA,NA,1,6-2015-DE_stratum1-1-1-1-1-1-1-1-18
35,BV,35,N,U,Age,6,Year,NA,NA,2,2,NA,NA,SRSWR,BV_unit_1,NA,18,6-2015-DE_stratum1-1-1-1-1-1-1-1-18-35
36,BV,36,N,U,Age,6,Year,NA,NA,2,2,NA,NA,SRSWR,BV_unit_2,NA,18,6-2015-DE_stratum1-1-1-1-1-1-1-1-18-36
19,FM,290,3,Cephalothorax Length,NA,NA,NA,NA,NA,1,6-2015-DE_stratum1-1-1-1-1-1-1-1-19
37,BV,37,N,U,Age,6,Year,NA,NA,2,2,NA,NA,SRSWR,BV_unit_1,NA,19,6-2015-DE_stratum1-1-1-1-1-1-1-1-19-37
38,BV,38,N,U,Age,6,Year,NA,NA,2,2,NA,NA,SRSWR,BV_unit_2,NA,19,6-2015-DE_stratum1-1-1-1-1-1-1-1-19-38
2,FM,120,2,Cephalothorax Length,NA,NA,NA,NA,NA,1,6-2015-DE_stratum1-1-1-1-1-1-1-1-2
3,BV,3,N,U,Age,2,Year,NA,NA,2,2,NA,NA,SRSWR,BV_unit_1,NA,2,6-2015-DE_stratum1-1-1-1-1-1-1-1-2-3
4,BV,4,N,U,Age,2,Year,NA,NA,2,2,NA,NA,SRSWR,BV_unit_2,NA,2,6-2015-DE_stratum1-1-1-1-1-1-1-1-2-4
20,FM,300,2,Cephalothorax Length,NA,NA,NA,NA,NA,1,6-2015-DE_stratum1-1-1-1-1-1-1-1-20
39,BV,39,N,U,Age,6,Year,NA,NA,2,2,NA,NA,SRSWR,BV_unit_1,NA,20,6-2015-DE_stratum1-1-1-1-1-1-1-1-20-39
40,BV,40,N,U,Age,6,Year,NA,NA,2,2,NA,NA,SRSWR,BV_unit_2,NA,20,6-2015-DE_stratum1-1-1-1-1-1-1-1-20-40
3,FM,130,3,Cephalothorax Length,NA,NA,NA,NA,NA,1,6-2015-DE_stratum1-1-1-1-1-1-1-1-3
5,BV,5,N,U,Age,3,Year,NA,NA,2,2,NA,NA,SRSWR,BV_unit_1,NA,3,6-2015-DE_stratum1-1-1-1-1-1-1-1-3-5
6,BV,6,N,U,Age,3,Year,NA,NA,2,2,NA,NA,SRSWR,BV_unit_2,NA,3,6-2015-DE_stratum1-1-1-1-1-1-1-1-3-6
4,FM,140,4,Cephalothorax Length,NA,NA,NA,NA,NA,1,6-2015-DE_stratum1-1-1-1-1-1-1-1-4
7,BV,7,N,U,Age,3,Year,NA,NA,2,2,NA,NA,SRSWR,BV_unit_1,NA,4,6-2015-DE_stratum1-1-1-1-1-1-1-1-4-7
8,BV,8,N,U,Age,3,Year,NA,NA,2,2,NA,NA,SRSWR,BV_unit_2,NA,4,6-2015-DE_stratum1-1-1-1-1-1-1-1-4-8
5,FM,150,5,Cephalothorax Length,NA,NA,NA,NA,NA,1,6-2015-DE_stratum1-1-1-1-1-1-1-1-5
10,BV,10,N,U,Age,3,Year,NA,NA,2,2,NA,NA,SRSWR,BV_unit_2,NA,5,6-2015-DE_stratum1-1-1-1-1-1-1-1-5-10
9,BV,9,N,U,Age,3,Year,NA,NA,2,2,NA,NA,SRSWR,BV_unit_1,NA,5,6-2015-DE_stratum1-1-1-1-1-1-1-1-5-9
6,FM,160,6,Cephalothorax Length,NA,NA,NA,NA,NA,1,6-2015-DE_stratum1-1-1-1-1-1-1-1-6
11,BV,11,N,U,Age,3,Year,NA,NA,2,2,NA,NA,SRSWR,BV_unit_1,NA,6,6-2015-DE_stratum1-1-1-1-1-1-1-1-6-11
12,BV,12,N,U,Age,3,Year,NA,NA,2,2,NA,NA,SRSWR,BV_unit_2,NA,6,6-2015-DE_stratum1-1-1-1-1-1-1-1-6-12
7,FM,170,7,Cephalothorax Length,NA,NA,NA,NA,NA,1,6-2015-DE_stratum1-1-1-1-1-1-1-1-7
13,BV,13,N,U,Age,3,Year,NA,NA,2,2,NA,NA,SRSWR,BV_unit_1,NA,7,6-2015-DE_stratum1-1-1-1-1-1-1-1-7-13
14,BV,14,N,U,Age,3,Year,NA,NA,2,2,NA,NA,SRSWR,BV_unit_2,NA,7,6-2015-DE_stratum1-1-1-1-1-1-1-1-7-14
8,FM,180,8,Cephalothorax Length,NA,NA,NA,NA,NA,1,6-2015-DE_stratum1-1-1-1-1-1-1-1-8
15,BV,15,N,U,Age,4,Year,NA,NA,2,2,NA,NA,SRSWR,BV_unit_1,NA,8,6-2015-DE_stratum1-1-1-1-1-1-1-1-8-15
16,BV,16,N,U,Age,4,Year,NA,NA,2,2,NA,NA,SRSWR,BV_unit_2,NA,8,6-2015-DE_stratum1-1-1-1-1-1-1-1-8-16
9,FM,190,9,Cephalothorax Length,NA,NA,NA,NA,NA,1,6-2015-DE_stratum1-1-1-1-1-1-1-1-9
17,BV,17,N,U,Age,4,Year,NA,NA,2,2,NA,NA,SRSWR,BV_unit_1,NA,9,6-2015-DE_stratum1-1-1-1-1-1-1-1-9-17
18,BV,18,N,U,Age,4,Year,NA,NA,2,2,NA,NA,SRSWR,BV_unit_2,NA,9,6-2015-DE_stratum1-1-1-1-1-1-1-1-9-18
2,SA,2,NA,N,U,100684,NA,Boiled,Alive,Lan,HuC,NA,NA,F,NA,27,NA,NotApplicable,NA,NA,NA,FPN_CRU_>0_0_0,FPN,NA,NA,NA,Basket,NA,NA,3,2,NA,NA,SRSWR,SA_unit_2,A,NA,Y,NA,NA,NA,NA,NA,1,6-2015-DE_stratum1-1-1-1-1-1-1-2
21,FM,310,1,Cephalothorax Length,NA,NA,NA,NA,NA,2,6-2015-DE_stratum1-1-1-1-1-1-1-2-21
41,BV,41,N,U,Age,6,Year,NA,NA,2,2,NA,NA,SRSWR,BV_unit_1,NA,21,6-2015-DE_stratum1-1-1-1-1-1-1-2-21-41
42,BV,42,N,U,Age,6,Year,NA,NA,2,2,NA,NA,SRSWR,BV_unit_2,NA,21,6-2015-DE_stratum1-1-1-1-1-1-1-2-21-42
22,FM,320,2,Cephalothorax Length,NA,NA,NA,NA,NA,2,6-2015-DE_stratum1-1-1-1-1-1-1-2-22
43,BV,43,N,U,Age,6,Year,NA,NA,2,2,NA,NA,SRSWR,BV_unit_1,NA,22,6-2015-DE_stratum1-1-1-1-1-1-1-2-22-43
44,BV,44,N,U,Age,6,Year,NA,NA,2,2,NA,NA,SRSWR,BV_unit_2,NA,22,6-2015-DE_stratum1-1-1-1-1-1-1-2-22-44
23,FM,330,3,Cephalothorax Length,NA,NA,NA,NA,NA,2,6-2015-DE_stratum1-1-1-1-1-1-1-2-23
45,BV,45,N,U,Age,7,Year,NA,NA,2,2,NA,NA,SRSWR,BV_unit_1,NA,23,6-2015-DE_stratum1-1-1-1-1-1-1-2-23-45
46,BV,46,N,U,Age,7,Year,NA,NA,2,2,NA,NA,SRSWR,BV_unit_2,NA,23,6-2015-DE_stratum1-1-1-1-1-1-1-2-23-46
24,FM,340,4,Cephalothorax Length,NA,NA,NA,NA,NA,2,6-2015-DE_stratum1-1-1-1-1-1-1-2-24
47,BV,47,N,U,Age,7,Year,NA,NA,2,2,NA,NA,SRSWR,BV_unit_1,NA,24,6-2015-DE_stratum1-1-1-1-1-1-1-2-24-47
48,BV,48,N,U,Age,7,Year,NA,NA,2,2,NA,NA,SRSWR,BV_unit_2,NA,24,6-2015-DE_stratum1-1-1-1-1-1-1-2-24-48
25,FM,350,5,Cephalothorax Length,NA,NA,NA,NA,NA,2,6-2015-DE_stratum1-1-1-1-1-1-1-2-25
49,BV,49,N,U,Age,7,Year,NA,NA,2,2,NA,NA,SRSWR,BV_unit_1,NA,25,6-2015-DE_stratum1-1-1-1-1-1-1-2-25-49
50,BV,50,N,U,Age,7,Year,NA,NA,2,2,NA,NA,SRSWR,BV_unit_2,NA,25,6-2015-DE_stratum1-1-1-1-1-1-1-2-25-50
26,FM,360,6,Cephalothorax Length,NA,NA,NA,NA,NA,2,6-2015-DE_stratum1-1-1-1-1-1-1-2-26
51,BV,51,N,U,Age,7,Year,NA,NA,2,2,NA,NA,SRSWR,BV_unit_1,NA,26,6-2015-DE_stratum1-1-1-1-1-1-1-2-26-51
52,BV,52,N,U,Age,7,Year,NA,NA,2,2,NA,NA,SRSWR,BV_unit_2,NA,26,6-2015-DE_stratum1-1-1-1-1-1-1-2-26-52
27,FM,370,7,Cephalothorax Length,NA,NA,NA,NA,NA,2,6-2015-DE_stratum1-1-1-1-1-1-1-2-27
53,BV,53,N,U,Age,7,Year,NA,NA,2,2,NA,NA,SRSWR,BV_unit_1,NA,27,6-2015-DE_stratum1-1-1-1-1-1-1-2-27-53
54,BV,54,N,U,Age,7,Year,NA,NA,2,2,NA,NA,SRSWR,BV_unit_2,NA,27,6-2015-DE_stratum1-1-1-1-1-1-1-2-27-54
28,FM,380,8,Cephalothorax Length,NA,NA,NA,NA,NA,2,6-2015-DE_stratum1-1-1-1-1-1-1-2-28
55,BV,55,N,U,Age,8,Year,NA,NA,2,2,NA,NA,SRSWR,BV_unit_1,NA,28,6-2015-DE_stratum1-1-1-1-1-1-1-2-28-55
56,BV,56,N,U,Age,8,Year,NA,NA,2,2,NA,NA,SRSWR,BV_unit_2,NA,28,6-2015-DE_stratum1-1-1-1-1-1-1-2-28-56
29,FM,390,9,Cephalothorax Length,NA,NA,NA,NA,NA,2,6-2015-DE_stratum1-1-1-1-1-1-1-2-29
57,BV,57,N,U,Age,8,Year,NA,NA,2,2,NA,NA,SRSWR,BV_unit_1,NA,29,6-2015-DE_stratum1-1-1-1-1-1-1-2-29-57
58,BV,58,N,U,Age,8,Year,NA,NA,2,2,NA,NA,SRSWR,BV_unit_2,NA,29,6-2015-DE_stratum1-1-1-1-1-1-1-2-29-58
30,FM,400,10,Cephalothorax Length,NA,NA,NA,NA,NA,2,6-2015-DE_stratum1-1-1-1-1-1-1-2-30
59,BV,59,N,U,Age,8,Year,NA,NA,2,2,NA,NA,SRSWR,BV_unit_1,NA,30,6-2015-DE_stratum1-1-1-1-1-1-1-2-30-59
60,BV,60,N,U,Age,8,Year,NA,NA,2,2,NA,NA,SRSWR,BV_unit_2,NA,30,6-2015-DE_stratum1-1-1-1-1-1-1-2-30-60
31,FM,410,10,Cephalothorax Length,NA,NA,NA,NA,NA,2,6-2015-DE_stratum1-1-1-1-1-1-1-2-31
61,BV,61,N,U,Age,8,Year,NA,NA,2,2,NA,NA,SRSWR,BV_unit_1,NA,31,6-2015-DE_stratum1-1-1-1-1-1-1-2-31-61
62,BV,62,N,U,Age,8,Year,NA,NA,2,2,NA,NA,SRSWR,BV_unit_2,NA,31,6-2015-DE_stratum1-1-1-1-1-1-1-2-31-62
32,FM,420,10,Cephalothorax Length,NA,NA,NA,NA,NA,2,6-2015-DE_stratum1-1-1-1-1-1-1-2-32
63,BV,63,N,U,Age,8,Year,NA,NA,2,2,NA,NA,SRSWR,BV_unit_1,NA,32,6-2015-DE_stratum1-1-1-1-1-1-1-2-32-63
64,BV,64,N,U,Age,8,Year,NA,NA,2,2,NA,NA,SRSWR,BV_unit_2,NA,32,6-2015-DE_stratum1-1-1-1-1-1-1-2-32-64
33,FM,430,9,Cephalothorax Length,NA,NA,NA,NA,NA,2,6-2015-DE_stratum1-1-1-1-1-1-1-2-33
65,BV,65,N,U,Age,9,Year,NA,NA,2,2,NA,NA,SRSWR,BV_unit_1,NA,33,6-2015-DE_stratum1-1-1-1-1-1-1-2-33-65
66,BV,66,N,U,Age,9,Year,NA,NA,2,2,NA,NA,SRSWR,BV_unit_2,NA,33,6-2015-DE_stratum1-1-1-1-1-1-1-2-33-66
34,FM,440,8,Cephalothorax Length,NA,NA,NA,NA,NA,2,6-2015-DE_stratum1-1-1-1-1-1-1-2-34
67,BV,67,N,U,Age,9,Year,NA,NA,2,2,NA,NA,SRSWR,BV_unit_1,NA,34,6-2015-DE_stratum1-1-1-1-1-1-1-2-34-67
68,BV,68,N,U,Age,9,Year,NA,NA,2,2,NA,NA,SRSWR,BV_unit_2,NA,34,6-2015-DE_stratum1-1-1-1-1-1-1-2-34-68
35,FM,450,7,Cephalothorax Length,NA,NA,NA,NA,NA,2,6-2015-DE_stratum1-1-1-1-1-1-1-2-35
69,BV,69,N,U,Age,9,Year,NA,NA,2,2,NA,NA,SRSWR,BV_unit_1,NA,35,6-2015-DE_stratum1-1-1-1-1-1-1-2-35-69
70,BV,70,N,U,Age,9,Year,NA,NA,2,2,NA,NA,SRSWR,BV_unit_2,NA,35,6-2015-DE_stratum1-1-1-1-1-1-1-2-35-70
36,FM,460,6,Cephalothorax Length,NA,NA,NA,NA,NA,2,6-2015-DE_stratum1-1-1-1-1-1-1-2-36
71,BV,71,N,U,Age,9,Year,NA,NA,2,2,NA,NA,SRSWR,BV_unit_1,NA,36,6-2015-DE_stratum1-1-1-1-1-1-1-2-36-71
72,BV,72,N,U,Age,9,Year,NA,NA,2,2,NA,NA,SRSWR,BV_unit_2,NA,36,6-2015-DE_stratum1-1-1-1-1-1-1-2-36-72
37,FM,470,5,Cephalothorax Length,NA,NA,NA,NA,NA,2,6-2015-DE_stratum1-1-1-1-1-1-1-2-37
73,BV,73,N,U,Age,9,Year,NA,NA,2,2,NA,NA,SRSWR,BV_unit_1,NA,37,6-2015-DE_stratum1-1-1-1-1-1-1-2-37-73
74,BV,74,N,U,Age,9,Year,NA,NA,2,2,NA,NA,SRSWR,BV_unit_2,NA,37,6-2015-DE_stratum1-1-1-1-1-1-1-2-37-74
38,FM,480,4,Cephalothorax Length,NA,NA,NA,NA,NA,2,6-2015-DE_stratum1-1-1-1-1-1-1-2-38
75,BV,75,N,U,Age,10,Year,NA,NA,2,2,NA,NA,SRSWR,BV_unit_1,NA,38,6-2015-DE_stratum1-1-1-1-1-1-1-2-38-75
76,BV,76,N,U,Age,10,Year,NA,NA,2,2,NA,NA,SRSWR,BV_unit_2,NA,38,6-2015-DE_stratum1-1-1-1-1-1-1-2-38-76
39,FM,490,3,Cephalothorax Length,NA,NA,NA,NA,NA,2,6-2015-DE_stratum1-1-1-1-1-1-1-2-39
77,BV,77,N,U,Age,10,Year,NA,NA,2,2,NA,NA,SRSWR,BV_unit_1,NA,39,6-2015-DE_stratum1-1-1-1-1-1-1-2-39-77
78,BV,78,N,U,Age,10,Year,NA,NA,2,2,NA,NA,SRSWR,BV_unit_2,NA,39,6-2015-DE_stratum1-1-1-1-1-1-1-2-39-78
40,FM,500,2,Cephalothorax Length,NA,NA,NA,NA,NA,2,6-2015-DE_stratum1-1-1-1-1-1-1-2-40
79,BV,79,N,U,Age,10,Year,NA,NA,2,2,NA,NA,SRSWR,BV_unit_1,NA,40,6-2015-DE_stratum1-1-1-1-1-1-1-2-40-79
80,BV,80,N,U,Age,10,Year,NA,NA,2,2,NA,NA,SRSWR,BV_unit_2,NA,40,6-2015-DE_stratum1-1-1-1-1-1-1-2-40-80
2,FO,N,2,U,N,U,NA,H,I,All,NA,NA,2015-04-25,NA,NA,NA,NA,NA,NA,NA,27,NA,NotApplicable,NA,NA,NA,NA,NA,DRB_MOL_0_0_0,DRB,NA,NA,NA,NA,Funcping,NA,Ha,10,3,NA,NA,SRSWR,FO_unit_2,NA,NA,NA,NA,NA,Y,NA,1,6-2015-DE_stratum1-1-1-1-2
2,LE,VDcode_2,N,2,NA,U,N,U,NA,N,All,VAVAT,NA,VA,2015-08-30,NA,NA,27,NA,NotApplicable,NA,NA,NA,DRB_MOL_0_0_0,DRB,NA,NA,NA,NA,Funcping,NA,2,1,NA,NA,SRSWR,LE_unit_1,NA,NA,NA,NA,NA,Y,NA,NA,2,6-2015-DE_stratum1-1-1-1-2-2
2,SS,1,N,haul,Lan,vis,U,N,U,Control,VA_2015_SpeciesList,N,4,1,NA,NA,SRSWR,SS_unit_1,NA,NA,NA,NA,NA,Y,NA,2,6-2015-DE_stratum1-1-1-1-2-2-2
3,SA,3,NA,N,U,101167,NA,Boiled,Alive,Lan,HuC,NA,NA,F,NA,27,NA,NotApplicable,NA,NA,NA,FPN_ANA_>0_0_0,FPN,NA,NA,NA,Basket,NA,NA,3,2,NA,NA,SRSWR,SA_unit_1,A,NA,Y,NA,NA,NA,NA,NA,2,6-2015-DE_stratum1-1-1-1-2-2-2-3
41,FM,270,1,Cephalothorax Length,NA,NA,NA,NA,NA,3,6-2015-DE_stratum1-1-1-1-2-2-2-3-41
81,BV,81,N,U,Age,5,Year,NA,NA,2,2,NA,NA,SRSWR,BV_unit_1,NA,41,6-2015-DE_stratum1-1-1-1-2-2-2-3-41-81
82,BV,82,N,U,Age,5,Year,NA,NA,2,2,NA,NA,SRSWR,BV_unit_2,NA,41,6-2015-DE_stratum1-1-1-1-2-2-2-3-41-82
42,FM,280,2,Cephalothorax Length,NA,NA,NA,NA,NA,3,6-2015-DE_stratum1-1-1-1-2-2-2-3-42
83,BV,83,N,U,Age,6,Year,NA,NA,2,2,NA,NA,SRSWR,BV_unit_1,NA,42,6-2015-DE_stratum1-1-1-1-2-2-2-3-42-83
84,BV,84,N,U,Age,6,Year,NA,NA,2,2,NA,NA,SRSWR,BV_unit_2,NA,42,6-2015-DE_stratum1-1-1-1-2-2-2-3-42-84
43,FM,290,3,Cephalothorax Length,NA,NA,NA,NA,NA,3,6-2015-DE_stratum1-1-1-1-2-2-2-3-43
85,BV,85,N,U,Age,6,Year,NA,NA,2,2,NA,NA,SRSWR,BV_unit_1,NA,43,6-2015-DE_stratum1-1-1-1-2-2-2-3-43-85
86,BV,86,N,U,Age,6,Year,NA,NA,2,2,NA,NA,SRSWR,BV_unit_2,NA,43,6-2015-DE_stratum1-1-1-1-2-2-2-3-43-86
44,FM,300,4,Cephalothorax Length,NA,NA,NA,NA,NA,3,6-2015-DE_stratum1-1-1-1-2-2-2-3-44
87,BV,87,N,U,Age,6,Year,NA,NA,2,2,NA,NA,SRSWR,BV_unit_1,NA,44,6-2015-DE_stratum1-1-1-1-2-2-2-3-44-87
88,BV,88,N,U,Age,6,Year,NA,NA,2,2,NA,NA,SRSWR,BV_unit_2,NA,44,6-2015-DE_stratum1-1-1-1-2-2-2-3-44-88
45,FM,310,5,Cephalothorax Length,NA,NA,NA,NA,NA,3,6-2015-DE_stratum1-1-1-1-2-2-2-3-45
89,BV,89,N,U,Age,6,Year,NA,NA,2,2,NA,NA,SRSWR,BV_unit_1,NA,45,6-2015-DE_stratum1-1-1-1-2-2-2-3-45-89
90,BV,90,N,U,Age,6,Year,NA,NA,2,2,NA,NA,SRSWR,BV_unit_2,NA,45,6-2015-DE_stratum1-1-1-1-2-2-2-3-45-90
46,FM,320,6,Cephalothorax Length,NA,NA,NA,NA,NA,3,6-2015-DE_stratum1-1-1-1-2-2-2-3-46
91,BV,91,N,U,Age,6,Year,NA,NA,2,2,NA,NA,SRSWR,BV_unit_1,NA,46,6-2015-DE_stratum1-1-1-1-2-2-2-3-46-91
92,BV,92,N,U,Age,6,Year,NA,NA,2,2,NA,NA,SRSWR,BV_unit_2,NA,46,6-2015-DE_stratum1-1-1-1-2-2-2-3-46-92
47,FM,330,7,Cephalothorax Length,NA,NA,NA,NA,NA,3,6-2015-DE_stratum1-1-1-1-2-2-2-3-47
93,BV,93,N,U,Age,7,Year,NA,NA,2,2,NA,NA,SRSWR,BV_unit_1,NA,47,6-2015-DE_stratum1-1-1-1-2-2-2-3-47-93
94,BV,94,N,U,Age,7,Year,NA,NA,2,2,NA,NA,SRSWR,BV_unit_2,NA,47,6-2015-DE_stratum1-1-1-1-2-2-2-3-47-94
48,FM,340,8,Cephalothorax Length,NA,NA,NA,NA,NA,3,6-2015-DE_stratum1-1-1-1-2-2-2-3-48
95,BV,95,N,U,Age,7,Year,NA,NA,2,2,NA,NA,SRSWR,BV_unit_1,NA,48,6-2015-DE_stratum1-1-1-1-2-2-2-3-48-95
96,BV,96,N,U,Age,7,Year,NA,NA,2,2,NA,NA,SRSWR,BV_unit_2,NA,48,6-2015-DE_stratum1-1-1-1-2-2-2-3-48-96
49,FM,350,9,Cephalothorax Length,NA,NA,NA,NA,NA,3,6-2015-DE_stratum1-1-1-1-2-2-2-3-49
97,BV,97,N,U,Age,7,Year,NA,NA,2,2,NA,NA,SRSWR,BV_unit_1,NA,49,6-2015-DE_stratum1-1-1-1-2-2-2-3-49-97
98,BV,98,N,U,Age,7,Year,NA,NA,2,2,NA,NA,SRSWR,BV_unit_2,NA,49,6-2015-DE_stratum1-1-1-1-2-2-2-3-49-98
50,FM,360,10,Cephalothorax Length,NA,NA,NA,NA,NA,3,6-2015-DE_stratum1-1-1-1-2-2-2-3-50
100,BV,100,N,U,Age,7,Year,NA,NA,2,2,NA,NA,SRSWR,BV_unit_2,NA,50,6-2015-DE_stratum1-1-1-1-2-2-2-3-50-100
99,BV,99,N,U,Age,7,Year,NA,NA,2,2,NA,NA,SRSWR,BV_unit_1,NA,50,6-2015-DE_stratum1-1-1-1-2-2-2-3-50-99
51,FM,370,10,Cephalothorax Length,NA,NA,NA,NA,NA,3,6-2015-DE_stratum1-1-1-1-2-2-2-3-51
101,BV,101,N,U,Age,7,Year,NA,NA,2,2,NA,NA,SRSWR,BV_unit_1,NA,51,6-2015-DE_stratum1-1-1-1-2-2-2-3-51-101
102,BV,102,N,U,Age,7,Year,NA,NA,2,2,NA,NA,SRSWR,BV_unit_2,NA,51,6-2015-DE_stratum1-1-1-1-2-2-2-3-51-102
52,FM,380,10,Cephalothorax Length,NA,NA,NA,NA,NA,3,6-2015-DE_stratum1-1-1-1-2-2-2-3-52
103,BV,103,N,U,Age,8,Year,NA,NA,2,2,NA,NA,SRSWR,BV_unit_1,NA,52,6-2015-DE_stratum1-1-1-1-2-2-2-3-52-103
104,BV,104,N,U,Age,8,Year,NA,NA,2,2,NA,NA,SRSWR,BV_unit_2,NA,52,6-2015-DE_stratum1-1-1-1-2-2-2-3-52-104
53,FM,390,9,Cephalothorax Length,NA,NA,NA,NA,NA,3,6-2015-DE_stratum1-1-1-1-2-2-2-3-53
105,BV,105,N,U,Age,8,Year,NA,NA,2,2,NA,NA,SRSWR,BV_unit_1,NA,53,6-2015-DE_stratum1-1-1-1-2-2-2-3-53-105
106,BV,106,N,U,Age,8,Year,NA,NA,2,2,NA,NA,SRSWR,BV_unit_2,NA,53,6-2015-DE_stratum1-1-1-1-2-2-2-3-53-106
54,FM,400,8,Cephalothorax Length,NA,NA,NA,NA,NA,3,6-2015-DE_stratum1-1-1-1-2-2-2-3-54
107,BV,107,N,U,Age,8,Year,NA,NA,2,2,NA,NA,SRSWR,BV_unit_1,NA,54,6-2015-DE_stratum1-1-1-1-2-2-2-3-54-107
108,BV,108,N,U,Age,8,Year,NA,NA,2,2,NA,NA,SRSWR,BV_unit_2,NA,54,6-2015-DE_stratum1-1-1-1-2-2-2-3-54-108
55,FM,410,7,Cephalothorax Length,NA,NA,NA,NA,NA,3,6-2015-DE_stratum1-1-1-1-2-2-2-3-55
109,BV,109,N,U,Age,8,Year,NA,NA,2,2,NA,NA,SRSWR,BV_unit_1,NA,55,6-2015-DE_stratum1-1-1-1-2-2-2-3-55-109
110,BV,110,N,U,Age,8,Year,NA,NA,2,2,NA,NA,SRSWR,BV_unit_2,NA,55,6-2015-DE_stratum1-1-1-1-2-2-2-3-55-110
56,FM,420,6,Cephalothorax Length,NA,NA,NA,NA,NA,3,6-2015-DE_stratum1-1-1-1-2-2-2-3-56
111,BV,111,N,U,Age,8,Year,NA,NA,2,2,NA,NA,SRSWR,BV_unit_1,NA,56,6-2015-DE_stratum1-1-1-1-2-2-2-3-56-111
112,BV,112,N,U,Age,8,Year,NA,NA,2,2,NA,NA,SRSWR,BV_unit_2,NA,56,6-2015-DE_stratum1-1-1-1-2-2-2-3-56-112
57,FM,430,5,Cephalothorax Length,NA,NA,NA,NA,NA,3,6-2015-DE_stratum1-1-1-1-2-2-2-3-57
113,BV,113,N,U,Age,9,Year,NA,NA,2,2,NA,NA,SRSWR,BV_unit_1,NA,57,6-2015-DE_stratum1-1-1-1-2-2-2-3-57-113
114,BV,114,N,U,Age,9,Year,NA,NA,2,2,NA,NA,SRSWR,BV_unit_2,NA,57,6-2015-DE_stratum1-1-1-1-2-2-2-3-57-114
58,FM,440,4,Cephalothorax Length,NA,NA,NA,NA,NA,3,6-2015-DE_stratum1-1-1-1-2-2-2-3-58
115,BV,115,N,U,Age,9,Year,NA,NA,2,2,NA,NA,SRSWR,BV_unit_1,NA,58,6-2015-DE_stratum1-1-1-1-2-2-2-3-58-115
116,BV,116,N,U,Age,9,Year,NA,NA,2,2,NA,NA,SRSWR,BV_unit_2,NA,58,6-2015-DE_stratum1-1-1-1-2-2-2-3-58-116
59,FM,450,3,Cephalothorax Length,NA,NA,NA,NA,NA,3,6-2015-DE_stratum1-1-1-1-2-2-2-3-59
117,BV,117,N,U,Age,9,Year,NA,NA,2,2,NA,NA,SRSWR,BV_unit_1,NA,59,6-2015-DE_stratum1-1-1-1-2-2-2-3-59-117
118,BV,118,N,U,Age,9,Year,NA,NA,2,2,NA,NA,SRSWR,BV_unit_2,NA,59,6-2015-DE_stratum1-1-1-1-2-2-2-3-59-118
60,FM,460,2,Cephalothorax Length,NA,NA,NA,NA,NA,3,6-2015-DE_stratum1-1-1-1-2-2-2-3-60
119,BV,119,N,U,Age,9,Year,NA,NA,2,2,NA,NA,SRSWR,BV_unit_1,NA,60,6-2015-DE_stratum1-1-1-1-2-2-2-3-60-119
120,BV,120,N,U,Age,9,Year,NA,NA,2,2,NA,NA,SRSWR,BV_unit_2,NA,60,6-2015-DE_stratum1-1-1-1-2-2-2-3-60-120
4,SA,4,NA,N,U,103309,NA,Boiled,Alive,Lan,HuC,NA,NA,F,NA,27,NA,NotApplicable,NA,NA,NA,FPN_FWS_>0_0_0,FPN,NA,NA,NA,Basket,NA,NA,3,2,NA,NA,SRSWR,SA_unit_2,A,NA,Y,NA,NA,NA,NA,NA,2,6-2015-DE_stratum1-1-1-1-2-2-2-4
61,FM,250,1,Cephalothorax Length,NA,NA,NA,NA,NA,4,6-2015-DE_stratum1-1-1-1-2-2-2-4-61
121,BV,121,N,U,Age,5,Year,NA,NA,2,2,NA,NA,SRSWR,BV_unit_1,NA,61,6-2015-DE_stratum1-1-1-1-2-2-2-4-61-121
122,BV,122,N,U,Age,5,Year,NA,NA,2,2,NA,NA,SRSWR,BV_unit_2,NA,61,6-2015-DE_stratum1-1-1-1-2-2-2-4-61-122
62,FM,260,2,Cephalothorax Length,NA,NA,NA,NA,NA,4,6-2015-DE_stratum1-1-1-1-2-2-2-4-62
123,BV,123,N,U,Age,5,Year,NA,NA,2,2,NA,NA,SRSWR,BV_unit_1,NA,62,6-2015-DE_stratum1-1-1-1-2-2-2-4-62-123
124,BV,124,N,U,Age,5,Year,NA,NA,2,2,NA,NA,SRSWR,BV_unit_2,NA,62,6-2015-DE_stratum1-1-1-1-2-2-2-4-62-124
63,FM,270,3,Cephalothorax Length,NA,NA,NA,NA,NA,4,6-2015-DE_stratum1-1-1-1-2-2-2-4-63
125,BV,125,N,U,Age,5,Year,NA,NA,2,2,NA,NA,SRSWR,BV_unit_1,NA,63,6-2015-DE_stratum1-1-1-1-2-2-2-4-63-125
126,BV,126,N,U,Age,5,Year,NA,NA,2,2,NA,NA,SRSWR,BV_unit_2,NA,63,6-2015-DE_stratum1-1-1-1-2-2-2-4-63-126
64,FM,280,4,Cephalothorax Length,NA,NA,NA,NA,NA,4,6-2015-DE_stratum1-1-1-1-2-2-2-4-64
127,BV,127,N,U,Age,6,Year,NA,NA,2,2,NA,NA,SRSWR,BV_unit_1,NA,64,6-2015-DE_stratum1-1-1-1-2-2-2-4-64-127
128,BV,128,N,U,Age,6,Year,NA,NA,2,2,NA,NA,SRSWR,BV_unit_2,NA,64,6-2015-DE_stratum1-1-1-1-2-2-2-4-64-128
65,FM,290,5,Cephalothorax Length,NA,NA,NA,NA,NA,4,6-2015-DE_stratum1-1-1-1-2-2-2-4-65
129,BV,129,N,U,Age,6,Year,NA,NA,2,2,NA,NA,SRSWR,BV_unit_1,NA,65,6-2015-DE_stratum1-1-1-1-2-2-2-4-65-129
130,BV,130,N,U,Age,6,Year,NA,NA,2,2,NA,NA,SRSWR,BV_unit_2,NA,65,6-2015-DE_stratum1-1-1-1-2-2-2-4-65-130
66,FM,300,6,Cephalothorax Length,NA,NA,NA,NA,NA,4,6-2015-DE_stratum1-1-1-1-2-2-2-4-66
131,BV,131,N,U,Age,6,Year,NA,NA,2,2,NA,NA,SRSWR,BV_unit_1,NA,66,6-2015-DE_stratum1-1-1-1-2-2-2-4-66-131
132,BV,132,N,U,Age,6,Year,NA,NA,2,2,NA,NA,SRSWR,BV_unit_2,NA,66,6-2015-DE_stratum1-1-1-1-2-2-2-4-66-132
67,FM,310,7,Cephalothorax Length,NA,NA,NA,NA,NA,4,6-2015-DE_stratum1-1-1-1-2-2-2-4-67
133,BV,133,N,U,Age,6,Year,NA,NA,2,2,NA,NA,SRSWR,BV_unit_1,NA,67,6-2015-DE_stratum1-1-1-1-2-2-2-4-67-133
134,BV,134,N,U,Age,6,Year,NA,NA,2,2,NA,NA,SRSWR,BV_unit_2,NA,67,6-2015-DE_stratum1-1-1-1-2-2-2-4-67-134
68,FM,320,8,Cephalothorax Length,NA,NA,NA,NA,NA,4,6-2015-DE_stratum1-1-1-1-2-2-2-4-68
135,BV,135,N,U,Age,6,Year,NA,NA,2,2,NA,NA,SRSWR,BV_unit_1,NA,68,6-2015-DE_stratum1-1-1-1-2-2-2-4-68-135
136,BV,136,N,U,Age,6,Year,NA,NA,2,2,NA,NA,SRSWR,BV_unit_2,NA,68,6-2015-DE_stratum1-1-1-1-2-2-2-4-68-136
69,FM,330,9,Cephalothorax Length,NA,NA,NA,NA,NA,4,6-2015-DE_stratum1-1-1-1-2-2-2-4-69
137,BV,137,N,U,Age,7,Year,NA,NA,2,2,NA,NA,SRSWR,BV_unit_1,NA,69,6-2015-DE_stratum1-1-1-1-2-2-2-4-69-137
138,BV,138,N,U,Age,7,Year,NA,NA,2,2,NA,NA,SRSWR,BV_unit_2,NA,69,6-2015-DE_stratum1-1-1-1-2-2-2-4-69-138
70,FM,340,10,Cephalothorax Length,NA,NA,NA,NA,NA,4,6-2015-DE_stratum1-1-1-1-2-2-2-4-70
139,BV,139,N,U,Age,7,Year,NA,NA,2,2,NA,NA,SRSWR,BV_unit_1,NA,70,6-2015-DE_stratum1-1-1-1-2-2-2-4-70-139
140,BV,140,N,U,Age,7,Year,NA,NA,2,2,NA,NA,SRSWR,BV_unit_2,NA,70,6-2015-DE_stratum1-1-1-1-2-2-2-4-70-140
71,FM,350,10,Cephalothorax Length,NA,NA,NA,NA,NA,4,6-2015-DE_stratum1-1-1-1-2-2-2-4-71
141,BV,141,N,U,Age,7,Year,NA,NA,2,2,NA,NA,SRSWR,BV_unit_1,NA,71,6-2015-DE_stratum1-1-1-1-2-2-2-4-71-141
142,BV,142,N,U,Age,7,Year,NA,NA,2,2,NA,NA,SRSWR,BV_unit_2,NA,71,6-2015-DE_stratum1-1-1-1-2-2-2-4-71-142
72,FM,360,10,Cephalothorax Length,NA,NA,NA,NA,NA,4,6-2015-DE_stratum1-1-1-1-2-2-2-4-72
143,BV,143,N,U,Age,7,Year,NA,NA,2,2,NA,NA,SRSWR,BV_unit_1,NA,72,6-2015-DE_stratum1-1-1-1-2-2-2-4-72-143
144,BV,144,N,U,Age,7,Year,NA,NA,2,2,NA,NA,SRSWR,BV_unit_2,NA,72,6-2015-DE_stratum1-1-1-1-2-2-2-4-72-144
73,FM,370,9,Cephalothorax Length,NA,NA,NA,NA,NA,4,6-2015-DE_stratum1-1-1-1-2-2-2-4-73
145,BV,145,N,U,Age,7,Year,NA,NA,2,2,NA,NA,SRSWR,BV_unit_1,NA,73,6-2015-DE_stratum1-1-1-1-2-2-2-4-73-145
146,BV,146,N,U,Age,7,Year,NA,NA,2,2,NA,NA,SRSWR,BV_unit_2,NA,73,6-2015-DE_stratum1-1-1-1-2-2-2-4-73-146
74,FM,380,8,Cephalothorax Length,NA,NA,NA,NA,NA,4,6-2015-DE_stratum1-1-1-1-2-2-2-4-74
147,BV,147,N,U,Age,8,Year,NA,NA,2,2,NA,NA,SRSWR,BV_unit_1,NA,74,6-2015-DE_stratum1-1-1-1-2-2-2-4-74-147
148,BV,148,N,U,Age,8,Year,NA,NA,2,2,NA,NA,SRSWR,BV_unit_2,NA,74,6-2015-DE_stratum1-1-1-1-2-2-2-4-74-148
75,FM,390,7,Cephalothorax Length,NA,NA,NA,NA,NA,4,6-2015-DE_stratum1-1-1-1-2-2-2-4-75
149,BV,149,N,U,Age,8,Year,NA,NA,2,2,NA,NA,SRSWR,BV_unit_1,NA,75,6-2015-DE_stratum1-1-1-1-2-2-2-4-75-149
150,BV,150,N,U,Age,8,Year,NA,NA,2,2,NA,NA,SRSWR,BV_unit_2,NA,75,6-2015-DE_stratum1-1-1-1-2-2-2-4-75-150
76,FM,400,6,Cephalothorax Length,NA,NA,NA,NA,NA,4,6-2015-DE_stratum1-1-1-1-2-2-2-4-76
151,BV,151,N,U,Age,8,Year,NA,NA,2,2,NA,NA,SRSWR,BV_unit_1,NA,76,6-2015-DE_stratum1-1-1-1-2-2-2-4-76-151
152,BV,152,N,U,Age,8,Year,NA,NA,2,2,NA,NA,SRSWR,BV_unit_2,NA,76,6-2015-DE_stratum1-1-1-1-2-2-2-4-76-152
77,FM,410,5,Cephalothorax Length,NA,NA,NA,NA,NA,4,6-2015-DE_stratum1-1-1-1-2-2-2-4-77
153,BV,153,N,U,Age,8,Year,NA,NA,2,2,NA,NA,SRSWR,BV_unit_1,NA,77,6-2015-DE_stratum1-1-1-1-2-2-2-4-77-153
154,BV,154,N,U,Age,8,Year,NA,NA,2,2,NA,NA,SRSWR,BV_unit_2,NA,77,6-2015-DE_stratum1-1-1-1-2-2-2-4-77-154
78,FM,420,4,Cephalothorax Length,NA,NA,NA,NA,NA,4,6-2015-DE_stratum1-1-1-1-2-2-2-4-78
155,BV,155,N,U,Age,8,Year,NA,NA,2,2,NA,NA,SRSWR,BV_unit_1,NA,78,6-2015-DE_stratum1-1-1-1-2-2-2-4-78-155
156,BV,156,N,U,Age,8,Year,NA,NA,2,2,NA,NA,SRSWR,BV_unit_2,NA,78,6-2015-DE_stratum1-1-1-1-2-2-2-4-78-156
79,FM,430,3,Cephalothorax Length,NA,NA,NA,NA,NA,4,6-2015-DE_stratum1-1-1-1-2-2-2-4-79
157,BV,157,N,U,Age,9,Year,NA,NA,2,2,NA,NA,SRSWR,BV_unit_1,NA,79,6-2015-DE_stratum1-1-1-1-2-2-2-4-79-157
158,BV,158,N,U,Age,9,Year,NA,NA,2,2,NA,NA,SRSWR,BV_unit_2,NA,79,6-2015-DE_stratum1-1-1-1-2-2-2-4-79-158
80,FM,440,2,Cephalothorax Length,NA,NA,NA,NA,NA,4,6-2015-DE_stratum1-1-1-1-2-2-2-4-80
159,BV,159,N,U,Age,9,Year,NA,NA,2,2,NA,NA,SRSWR,BV_unit_1,NA,80,6-2015-DE_stratum1-1-1-1-2-2-2-4-80-159
160,BV,160,N,U,Age,9,Year,NA,NA,2,2,NA,NA,SRSWR,BV_unit_2,NA,80,6-2015-DE_stratum1-1-1-1-2-2-2-4-80-160
3,FO,N,3,U,N,U,NA,H,I,All,NA,NA,2015-04-25,NA,NA,NA,NA,NA,NA,NA,27,NA,NotApplicable,NA,NA,NA,NA,NA,DRB_MOL_0_0_0,DRB,NA,NA,NA,NA,Funcping,NA,Ha,10,3,NA,NA,SRSWR,FO_unit_3,NA,NA,NA,NA,NA,Y,NA,1,6-2015-DE_stratum1-1-1-1-3
2,DE,ESP-AZTI_DCF_Onboard_Sampling,NatpilCF,2015,DE_stratum2,Y,6,6-2015-DE_stratum2
2,SD,VA,1,2,6-2015-DE_stratum2-2
2,OS,1,abc,N,VAVAT,2015-03-26,NA,U,N,U,NA,NA,NA,2,1,NA,NA,SRSWR,OS_unit_1,NA,NA,NA,NA,NA,NA,Y,NA,2,6-2015-DE_stratum2-2-2
2,FT,VDcode_4,2,N,U,N,U,Control,At-Sea,NA,VAVAT,2015-02-08,NA,VAVAT,2015-02-14,NA,2,1,NA,NA,SRSWR,FT_unit_1,NA,NA,NA,NA,NA,Y,NA,2,6-2015-DE_stratum2-2-2-2
4,FO,N,1,U,N,U,NA,H,I,All,NA,NA,2015-02-14,NA,NA,NA,NA,NA,NA,NA,27,NA,NotApplicable,NA,NA,NA,NA,NA,FPN_DEF_>0_0_0,FPN,NA,NA,NA,NA,Funcping,NA,Ha,10,3,NA,NA,SRSWR,FO_unit_1,NA,NA,NA,NA,NA,Y,NA,2,6-2015-DE_stratum2-2-2-2-4
4,LE,VDcode_3,N,4,NA,U,N,U,NA,N,All,VAVAT,NA,VA,2015-01-13,NA,NA,27,NA,NotApplicable,NA,NA,NA,FPN_CRU_>0_0_0,FPN,NA,NA,NA,NA,Funcping,NA,2,1,NA,NA,SRSWR,LE_unit_1,NA,NA,NA,NA,NA,Y,NA,NA,4,6-2015-DE_stratum2-2-2-2-4-4
4,SS,1,N,haul,Lan,vis,U,N,U,Control,VA_2015_SpeciesList,N,4,1,NA,NA,SRSWR,SS_unit_1,NA,NA,NA,NA,NA,Y,NA,4,6-2015-DE_stratum2-2-2-2-4-4-4
7,SA,7,NA,N,U,103302,NA,Boiled,Alive,Lan,HuC,NA,NA,F,NA,27,NA,NotApplicable,NA,NA,NA,FPN_FWS_>0_0_0,FPN,NA,NA,NA,Basket,NA,NA,3,2,NA,NA,SRSWR,SA_unit_1,A,NA,Y,NA,NA,NA,NA,NA,4,6-2015-DE_stratum2-2-2-2-4-4-4-7
121,FM,300,1,Cephalothorax Length,NA,NA,NA,NA,NA,7,6-2015-DE_stratum2-2-2-2-4-4-4-7-121
241,BV,241,N,U,Age,6,Year,NA,NA,2,2,NA,NA,SRSWR,BV_unit_1,NA,121,6-2015-DE_stratum2-2-2-2-4-4-4-7-121-241
242,BV,242,N,U,Age,6,Year,NA,NA,2,2,NA,NA,SRSWR,BV_unit_2,NA,121,6-2015-DE_stratum2-2-2-2-4-4-4-7-121-242
122,FM,310,2,Cephalothorax Length,NA,NA,NA,NA,NA,7,6-2015-DE_stratum2-2-2-2-4-4-4-7-122
243,BV,243,N,U,Age,6,Year,NA,NA,2,2,NA,NA,SRSWR,BV_unit_1,NA,122,6-2015-DE_stratum2-2-2-2-4-4-4-7-122-243
244,BV,244,N,U,Age,6,Year,NA,NA,2,2,NA,NA,SRSWR,BV_unit_2,NA,122,6-2015-DE_stratum2-2-2-2-4-4-4-7-122-244
123,FM,320,3,Cephalothorax Length,NA,NA,NA,NA,NA,7,6-2015-DE_stratum2-2-2-2-4-4-4-7-123
245,BV,245,N,U,Age,6,Year,NA,NA,2,2,NA,NA,SRSWR,BV_unit_1,NA,123,6-2015-DE_stratum2-2-2-2-4-4-4-7-123-245
246,BV,246,N,U,Age,6,Year,NA,NA,2,2,NA,NA,SRSWR,BV_unit_2,NA,123,6-2015-DE_stratum2-2-2-2-4-4-4-7-123-246
124,FM,330,4,Cephalothorax Length,NA,NA,NA,NA,NA,7,6-2015-DE_stratum2-2-2-2-4-4-4-7-124
247,BV,247,N,U,Age,7,Year,NA,NA,2,2,NA,NA,SRSWR,BV_unit_1,NA,124,6-2015-DE_stratum2-2-2-2-4-4-4-7-124-247
248,BV,248,N,U,Age,7,Year,NA,NA,2,2,NA,NA,SRSWR,BV_unit_2,NA,124,6-2015-DE_stratum2-2-2-2-4-4-4-7-124-248
125,FM,340,5,Cephalothorax Length,NA,NA,NA,NA,NA,7,6-2015-DE_stratum2-2-2-2-4-4-4-7-125
249,BV,249,N,U,Age,7,Year,NA,NA,2,2,NA,NA,SRSWR,BV_unit_1,NA,125,6-2015-DE_stratum2-2-2-2-4-4-4-7-125-249
250,BV,250,N,U,Age,7,Year,NA,NA,2,2,NA,NA,SRSWR,BV_unit_2,NA,125,6-2015-DE_stratum2-2-2-2-4-4-4-7-125-250
126,FM,350,6,Cephalothorax Length,NA,NA,NA,NA,NA,7,6-2015-DE_stratum2-2-2-2-4-4-4-7-126
251,BV,251,N,U,Age,7,Year,NA,NA,2,2,NA,NA,SRSWR,BV_unit_1,NA,126,6-2015-DE_stratum2-2-2-2-4-4-4-7-126-251
252,BV,252,N,U,Age,7,Year,NA,NA,2,2,NA,NA,SRSWR,BV_unit_2,NA,126,6-2015-DE_stratum2-2-2-2-4-4-4-7-126-252
127,FM,360,7,Cephalothorax Length,NA,NA,NA,NA,NA,7,6-2015-DE_stratum2-2-2-2-4-4-4-7-127
253,BV,253,N,U,Age,7,Year,NA,NA,2,2,NA,NA,SRSWR,BV_unit_1,NA,127,6-2015-DE_stratum2-2-2-2-4-4-4-7-127-253
254,BV,254,N,U,Age,7,Year,NA,NA,2,2,NA,NA,SRSWR,BV_unit_2,NA,127,6-2015-DE_stratum2-2-2-2-4-4-4-7-127-254
128,FM,370,8,Cephalothorax Length,NA,NA,NA,NA,NA,7,6-2015-DE_stratum2-2-2-2-4-4-4-7-128
255,BV,255,N,U,Age,7,Year,NA,NA,2,2,NA,NA,SRSWR,BV_unit_1,NA,128,6-2015-DE_stratum2-2-2-2-4-4-4-7-128-255
256,BV,256,N,U,Age,7,Year,NA,NA,2,2,NA,NA,SRSWR,BV_unit_2,NA,128,6-2015-DE_stratum2-2-2-2-4-4-4-7-128-256
129,FM,380,9,Cephalothorax Length,NA,NA,NA,NA,NA,7,6-2015-DE_stratum2-2-2-2-4-4-4-7-129
257,BV,257,N,U,Age,8,Year,NA,NA,2,2,NA,NA,SRSWR,BV_unit_1,NA,129,6-2015-DE_stratum2-2-2-2-4-4-4-7-129-257
258,BV,258,N,U,Age,8,Year,NA,NA,2,2,NA,NA,SRSWR,BV_unit_2,NA,129,6-2015-DE_stratum2-2-2-2-4-4-4-7-129-258
130,FM,390,10,Cephalothorax Length,NA,NA,NA,NA,NA,7,6-2015-DE_stratum2-2-2-2-4-4-4-7-130
259,BV,259,N,U,Age,8,Year,NA,NA,2,2,NA,NA,SRSWR,BV_unit_1,NA,130,6-2015-DE_stratum2-2-2-2-4-4-4-7-130-259
260,BV,260,N,U,Age,8,Year,NA,NA,2,2,NA,NA,SRSWR,BV_unit_2,NA,130,6-2015-DE_stratum2-2-2-2-4-4-4-7-130-260
131,FM,400,10,Cephalothorax Length,NA,NA,NA,NA,NA,7,6-2015-DE_stratum2-2-2-2-4-4-4-7-131
261,BV,261,N,U,Age,8,Year,NA,NA,2,2,NA,NA,SRSWR,BV_unit_1,NA,131,6-2015-DE_stratum2-2-2-2-4-4-4-7-131-261
262,BV,262,N,U,Age,8,Year,NA,NA,2,2,NA,NA,SRSWR,BV_unit_2,NA,131,6-2015-DE_stratum2-2-2-2-4-4-4-7-131-262
132,FM,410,10,Cephalothorax Length,NA,NA,NA,NA,NA,7,6-2015-DE_stratum2-2-2-2-4-4-4-7-132
263,BV,263,N,U,Age,8,Year,NA,NA,2,2,NA,NA,SRSWR,BV_unit_1,NA,132,6-2015-DE_stratum2-2-2-2-4-4-4-7-132-263
264,BV,264,N,U,Age,8,Year,NA,NA,2,2,NA,NA,SRSWR,BV_unit_2,NA,132,6-2015-DE_stratum2-2-2-2-4-4-4-7-132-264
133,FM,420,9,Cephalothorax Length,NA,NA,NA,NA,NA,7,6-2015-DE_stratum2-2-2-2-4-4-4-7-133
265,BV,265,N,U,Age,8,Year,NA,NA,2,2,NA,NA,SRSWR,BV_unit_1,NA,133,6-2015-DE_stratum2-2-2-2-4-4-4-7-133-265
266,BV,266,N,U,Age,8,Year,NA,NA,2,2,NA,NA,SRSWR,BV_unit_2,NA,133,6-2015-DE_stratum2-2-2-2-4-4-4-7-133-266
134,FM,430,8,Cephalothorax Length,NA,NA,NA,NA,NA,7,6-2015-DE_stratum2-2-2-2-4-4-4-7-134
267,BV,267,N,U,Age,9,Year,NA,NA,2,2,NA,NA,SRSWR,BV_unit_1,NA,134,6-2015-DE_stratum2-2-2-2-4-4-4-7-134-267
268,BV,268,N,U,Age,9,Year,NA,NA,2,2,NA,NA,SRSWR,BV_unit_2,NA,134,6-2015-DE_stratum2-2-2-2-4-4-4-7-134-268
135,FM,440,7,Cephalothorax Length,NA,NA,NA,NA,NA,7,6-2015-DE_stratum2-2-2-2-4-4-4-7-135
269,BV,269,N,U,Age,9,Year,NA,NA,2,2,NA,NA,SRSWR,BV_unit_1,NA,135,6-2015-DE_stratum2-2-2-2-4-4-4-7-135-269
270,BV,270,N,U,Age,9,Year,NA,NA,2,2,NA,NA,SRSWR,BV_unit_2,NA,135,6-2015-DE_stratum2-2-2-2-4-4-4-7-135-270
136,FM,450,6,Cephalothorax Length,NA,NA,NA,NA,NA,7,6-2015-DE_stratum2-2-2-2-4-4-4-7-136
271,BV,271,N,U,Age,9,Year,NA,NA,2,2,NA,NA,SRSWR,BV_unit_1,NA,136,6-2015-DE_stratum2-2-2-2-4-4-4-7-136-271
272,BV,272,N,U,Age,9,Year,NA,NA,2,2,NA,NA,SRSWR,BV_unit_2,NA,136,6-2015-DE_stratum2-2-2-2-4-4-4-7-136-272
137,FM,460,5,Cephalothorax Length,NA,NA,NA,NA,NA,7,6-2015-DE_stratum2-2-2-2-4-4-4-7-137
273,BV,273,N,U,Age,9,Year,NA,NA,2,2,NA,NA,SRSWR,BV_unit_1,NA,137,6-2015-DE_stratum2-2-2-2-4-4-4-7-137-273
274,BV,274,N,U,Age,9,Year,NA,NA,2,2,NA,NA,SRSWR,BV_unit_2,NA,137,6-2015-DE_stratum2-2-2-2-4-4-4-7-137-274
138,FM,470,4,Cephalothorax Length,NA,NA,NA,NA,NA,7,6-2015-DE_stratum2-2-2-2-4-4-4-7-138
275,BV,275,N,U,Age,9,Year,NA,NA,2,2,NA,NA,SRSWR,BV_unit_1,NA,138,6-2015-DE_stratum2-2-2-2-4-4-4-7-138-275
276,BV,276,N,U,Age,9,Year,NA,NA,2,2,NA,NA,SRSWR,BV_unit_2,NA,138,6-2015-DE_stratum2-2-2-2-4-4-4-7-138-276
139,FM,480,3,Cephalothorax Length,NA,NA,NA,NA,NA,7,6-2015-DE_stratum2-2-2-2-4-4-4-7-139
277,BV,277,N,U,Age,10,Year,NA,NA,2,2,NA,NA,SRSWR,BV_unit_1,NA,139,6-2015-DE_stratum2-2-2-2-4-4-4-7-139-277
278,BV,278,N,U,Age,10,Year,NA,NA,2,2,NA,NA,SRSWR,BV_unit_2,NA,139,6-2015-DE_stratum2-2-2-2-4-4-4-7-139-278
140,FM,490,2,Cephalothorax Length,NA,NA,NA,NA,NA,7,6-2015-DE_stratum2-2-2-2-4-4-4-7-140
279,BV,279,N,U,Age,10,Year,NA,NA,2,2,NA,NA,SRSWR,BV_unit_1,NA,140,6-2015-DE_stratum2-2-2-2-4-4-4-7-140-279
280,BV,280,N,U,Age,10,Year,NA,NA,2,2,NA,NA,SRSWR,BV_unit_2,NA,140,6-2015-DE_stratum2-2-2-2-4-4-4-7-140-280
8,SA,8,NA,N,U,10329,NA,Boiled,Alive,Lan,HuC,NA,NA,F,NA,27,NA,NotApplicable,NA,NA,NA,FPN_CRU_>0_0_0,FPN,NA,NA,NA,Basket,NA,NA,3,2,NA,NA,SRSWR,SA_unit_2,A,NA,Y,NA,NA,NA,NA,NA,4,6-2015-DE_stratum2-2-2-2-4-4-4-8
141,FM,270,1,Cephalothorax Length,NA,NA,NA,NA,NA,8,6-2015-DE_stratum2-2-2-2-4-4-4-8-141
281,BV,281,N,U,Age,5,Year,NA,NA,2,2,NA,NA,SRSWR,BV_unit_1,NA,141,6-2015-DE_stratum2-2-2-2-4-4-4-8-141-281
282,BV,282,N,U,Age,5,Year,NA,NA,2,2,NA,NA,SRSWR,BV_unit_2,NA,141,6-2015-DE_stratum2-2-2-2-4-4-4-8-141-282
142,FM,280,2,Cephalothorax Length,NA,NA,NA,NA,NA,8,6-2015-DE_stratum2-2-2-2-4-4-4-8-142
283,BV,283,N,U,Age,6,Year,NA,NA,2,2,NA,NA,SRSWR,BV_unit_1,NA,142,6-2015-DE_stratum2-2-2-2-4-4-4-8-142-283
284,BV,284,N,U,Age,6,Year,NA,NA,2,2,NA,NA,SRSWR,BV_unit_2,NA,142,6-2015-DE_stratum2-2-2-2-4-4-4-8-142-284
143,FM,290,3,Cephalothorax Length,NA,NA,NA,NA,NA,8,6-2015-DE_stratum2-2-2-2-4-4-4-8-143
285,BV,285,N,U,Age,6,Year,NA,NA,2,2,NA,NA,SRSWR,BV_unit_1,NA,143,6-2015-DE_stratum2-2-2-2-4-4-4-8-143-285
286,BV,286,N,U,Age,6,Year,NA,NA,2,2,NA,NA,SRSWR,BV_unit_2,NA,143,6-2015-DE_stratum2-2-2-2-4-4-4-8-143-286
144,FM,300,4,Cephalothorax Length,NA,NA,NA,NA,NA,8,6-2015-DE_stratum2-2-2-2-4-4-4-8-144
287,BV,287,N,U,Age,6,Year,NA,NA,2,2,NA,NA,SRSWR,BV_unit_1,NA,144,6-2015-DE_stratum2-2-2-2-4-4-4-8-144-287
288,BV,288,N,U,Age,6,Year,NA,NA,2,2,NA,NA,SRSWR,BV_unit_2,NA,144,6-2015-DE_stratum2-2-2-2-4-4-4-8-144-288
145,FM,310,5,Cephalothorax Length,NA,NA,NA,NA,NA,8,6-2015-DE_stratum2-2-2-2-4-4-4-8-145
289,BV,289,N,U,Age,6,Year,NA,NA,2,2,NA,NA,SRSWR,BV_unit_1,NA,145,6-2015-DE_stratum2-2-2-2-4-4-4-8-145-289
290,BV,290,N,U,Age,6,Year,NA,NA,2,2,NA,NA,SRSWR,BV_unit_2,NA,145,6-2015-DE_stratum2-2-2-2-4-4-4-8-145-290
146,FM,320,6,Cephalothorax Length,NA,NA,NA,NA,NA,8,6-2015-DE_stratum2-2-2-2-4-4-4-8-146
291,BV,291,N,U,Age,6,Year,NA,NA,2,2,NA,NA,SRSWR,BV_unit_1,NA,146,6-2015-DE_stratum2-2-2-2-4-4-4-8-146-291
292,BV,292,N,U,Age,6,Year,NA,NA,2,2,NA,NA,SRSWR,BV_unit_2,NA,146,6-2015-DE_stratum2-2-2-2-4-4-4-8-146-292
147,FM,330,7,Cephalothorax Length,NA,NA,NA,NA,NA,8,6-2015-DE_stratum2-2-2-2-4-4-4-8-147
293,BV,293,N,U,Age,7,Year,NA,NA,2,2,NA,NA,SRSWR,BV_unit_1,NA,147,6-2015-DE_stratum2-2-2-2-4-4-4-8-147-293
294,BV,294,N,U,Age,7,Year,NA,NA,2,2,NA,NA,SRSWR,BV_unit_2,NA,147,6-2015-DE_stratum2-2-2-2-4-4-4-8-147-294
148,FM,340,8,Cephalothorax Length,NA,NA,NA,NA,NA,8,6-2015-DE_stratum2-2-2-2-4-4-4-8-148
295,BV,295,N,U,Age,7,Year,NA,NA,2,2,NA,NA,SRSWR,BV_unit_1,NA,148,6-2015-DE_stratum2-2-2-2-4-4-4-8-148-295
296,BV,296,N,U,Age,7,Year,NA,NA,2,2,NA,NA,SRSWR,BV_unit_2,NA,148,6-2015-DE_stratum2-2-2-2-4-4-4-8-148-296
149,FM,350,9,Cephalothorax Length,NA,NA,NA,NA,NA,8,6-2015-DE_stratum2-2-2-2-4-4-4-8-149
297,BV,297,N,U,Age,7,Year,NA,NA,2,2,NA,NA,SRSWR,BV_unit_1,NA,149,6-2015-DE_stratum2-2-2-2-4-4-4-8-149-297
298,BV,298,N,U,Age,7,Year,NA,NA,2,2,NA,NA,SRSWR,BV_unit_2,NA,149,6-2015-DE_stratum2-2-2-2-4-4-4-8-149-298
150,FM,360,10,Cephalothorax Length,NA,NA,NA,NA,NA,8,6-2015-DE_stratum2-2-2-2-4-4-4-8-150
299,BV,299,N,U,Age,7,Year,NA,NA,2,2,NA,NA,SRSWR,BV_unit_1,NA,150,6-2015-DE_stratum2-2-2-2-4-4-4-8-150-299
300,BV,300,N,U,Age,7,Year,NA,NA,2,2,NA,NA,SRSWR,BV_unit_2,NA,150,6-2015-DE_stratum2-2-2-2-4-4-4-8-150-300
151,FM,370,10,Cephalothorax Length,NA,NA,NA,NA,NA,8,6-2015-DE_stratum2-2-2-2-4-4-4-8-151
301,BV,301,N,U,Age,7,Year,NA,NA,2,2,NA,NA,SRSWR,BV_unit_1,NA,151,6-2015-DE_stratum2-2-2-2-4-4-4-8-151-301
302,BV,302,N,U,Age,7,Year,NA,NA,2,2,NA,NA,SRSWR,BV_unit_2,NA,151,6-2015-DE_stratum2-2-2-2-4-4-4-8-151-302
152,FM,380,10,Cephalothorax Length,NA,NA,NA,NA,NA,8,6-2015-DE_stratum2-2-2-2-4-4-4-8-152
303,BV,303,N,U,Age,8,Year,NA,NA,2,2,NA,NA,SRSWR,BV_unit_1,NA,152,6-2015-DE_stratum2-2-2-2-4-4-4-8-152-303
304,BV,304,N,U,Age,8,Year,NA,NA,2,2,NA,NA,SRSWR,BV_unit_2,NA,152,6-2015-DE_stratum2-2-2-2-4-4-4-8-152-304
153,FM,390,9,Cephalothorax Length,NA,NA,NA,NA,NA,8,6-2015-DE_stratum2-2-2-2-4-4-4-8-153
305,BV,305,N,U,Age,8,Year,NA,NA,2,2,NA,NA,SRSWR,BV_unit_1,NA,153,6-2015-DE_stratum2-2-2-2-4-4-4-8-153-305
306,BV,306,N,U,Age,8,Year,NA,NA,2,2,NA,NA,SRSWR,BV_unit_2,NA,153,6-2015-DE_stratum2-2-2-2-4-4-4-8-153-306
154,FM,400,8,Cephalothorax Length,NA,NA,NA,NA,NA,8,6-2015-DE_stratum2-2-2-2-4-4-4-8-154
307,BV,307,N,U,Age,8,Year,NA,NA,2,2,NA,NA,SRSWR,BV_unit_1,NA,154,6-2015-DE_stratum2-2-2-2-4-4-4-8-154-307
308,BV,308,N,U,Age,8,Year,NA,NA,2,2,NA,NA,SRSWR,BV_unit_2,NA,154,6-2015-DE_stratum2-2-2-2-4-4-4-8-154-308
155,FM,410,7,Cephalothorax Length,NA,NA,NA,NA,NA,8,6-2015-DE_stratum2-2-2-2-4-4-4-8-155
309,BV,309,N,U,Age,8,Year,NA,NA,2,2,NA,NA,SRSWR,BV_unit_1,NA,155,6-2015-DE_stratum2-2-2-2-4-4-4-8-155-309
310,BV,310,N,U,Age,8,Year,NA,NA,2,2,NA,NA,SRSWR,BV_unit_2,NA,155,6-2015-DE_stratum2-2-2-2-4-4-4-8-155-310
156,FM,420,6,Cephalothorax Length,NA,NA,NA,NA,NA,8,6-2015-DE_stratum2-2-2-2-4-4-4-8-156
311,BV,311,N,U,Age,8,Year,NA,NA,2,2,NA,NA,SRSWR,BV_unit_1,NA,156,6-2015-DE_stratum2-2-2-2-4-4-4-8-156-311
312,BV,312,N,U,Age,8,Year,NA,NA,2,2,NA,NA,SRSWR,BV_unit_2,NA,156,6-2015-DE_stratum2-2-2-2-4-4-4-8-156-312
157,FM,430,5,Cephalothorax Length,NA,NA,NA,NA,NA,8,6-2015-DE_stratum2-2-2-2-4-4-4-8-157
313,BV,313,N,U,Age,9,Year,NA,NA,2,2,NA,NA,SRSWR,BV_unit_1,NA,157,6-2015-DE_stratum2-2-2-2-4-4-4-8-157-313
314,BV,314,N,U,Age,9,Year,NA,NA,2,2,NA,NA,SRSWR,BV_unit_2,NA,157,6-2015-DE_stratum2-2-2-2-4-4-4-8-157-314
158,FM,440,4,Cephalothorax Length,NA,NA,NA,NA,NA,8,6-2015-DE_stratum2-2-2-2-4-4-4-8-158
315,BV,315,N,U,Age,9,Year,NA,NA,2,2,NA,NA,SRSWR,BV_unit_1,NA,158,6-2015-DE_stratum2-2-2-2-4-4-4-8-158-315
316,BV,316,N,U,Age,9,Year,NA,NA,2,2,NA,NA,SRSWR,BV_unit_2,NA,158,6-2015-DE_stratum2-2-2-2-4-4-4-8-158-316
159,FM,450,3,Cephalothorax Length,NA,NA,NA,NA,NA,8,6-2015-DE_stratum2-2-2-2-4-4-4-8-159
317,BV,317,N,U,Age,9,Year,NA,NA,2,2,NA,NA,SRSWR,BV_unit_1,NA,159,6-2015-DE_stratum2-2-2-2-4-4-4-8-159-317
318,BV,318,N,U,Age,9,Year,NA,NA,2,2,NA,NA,SRSWR,BV_unit_2,NA,159,6-2015-DE_stratum2-2-2-2-4-4-4-8-159-318
160,FM,460,2,Cephalothorax Length,NA,NA,NA,NA,NA,8,6-2015-DE_stratum2-2-2-2-4-4-4-8-160
319,BV,319,N,U,Age,9,Year,NA,NA,2,2,NA,NA,SRSWR,BV_unit_1,NA,160,6-2015-DE_stratum2-2-2-2-4-4-4-8-160-319
320,BV,320,N,U,Age,9,Year,NA,NA,2,2,NA,NA,SRSWR,BV_unit_2,NA,160,6-2015-DE_stratum2-2-2-2-4-4-4-8-160-320
5,FO,N,2,U,N,U,NA,H,I,All,NA,NA,2015-02-14,NA,NA,NA,NA,NA,NA,NA,27,NA,NotApplicable,NA,NA,NA,NA,NA,FPN_DEF_>0_0_0,FPN,NA,NA,NA,NA,Funcping,NA,Ha,10,3,NA,NA,SRSWR,FO_unit_2,NA,NA,NA,NA,NA,Y,NA,2,6-2015-DE_stratum2-2-2-2-5
5,LE,VDcode_1,N,5,NA,U,N,U,NA,N,All,VAVAT,NA,VA,2015-01-24,NA,NA,27,NA,NotApplicable,NA,NA,NA,FPN_LPF_>0_0_0,FPN,NA,NA,NA,NA,Funcping,NA,2,1,NA,NA,SRSWR,LE_unit_1,NA,NA,NA,NA,NA,Y,NA,NA,5,6-2015-DE_stratum2-2-2-2-5-5
5,SS,1,N,haul,Lan,vis,U,N,U,Control,VA_2015_SpeciesList,N,4,1,NA,NA,SRSWR,SS_unit_1,NA,NA,NA,NA,NA,Y,NA,5,6-2015-DE_stratum2-2-2-2-5-5-5
10,SA,10,NA,N,U,101172,NA,Boiled,Alive,Lan,HuC,NA,NA,F,NA,27,NA,NotApplicable,NA,NA,NA,DRB_MOL_>=0_0_0,DRB,NA,NA,NA,Basket,NA,NA,3,2,NA,NA,SRSWR,SA_unit_2,A,NA,Y,NA,NA,NA,NA,NA,5,6-2015-DE_stratum2-2-2-2-5-5-5-10
181,FM,250,1,Cephalothorax Length,NA,NA,NA,NA,NA,10,6-2015-DE_stratum2-2-2-2-5-5-5-10-181
361,BV,361,N,U,Age,5,Year,NA,NA,2,2,NA,NA,SRSWR,BV_unit_1,NA,181,6-2015-DE_stratum2-2-2-2-5-5-5-10-181-361
362,BV,362,N,U,Age,5,Year,NA,NA,2,2,NA,NA,SRSWR,BV_unit_2,NA,181,6-2015-DE_stratum2-2-2-2-5-5-5-10-181-362
182,FM,260,2,Cephalothorax Length,NA,NA,NA,NA,NA,10,6-2015-DE_stratum2-2-2-2-5-5-5-10-182
363,BV,363,N,U,Age,5,Year,NA,NA,2,2,NA,NA,SRSWR,BV_unit_1,NA,182,6-2015-DE_stratum2-2-2-2-5-5-5-10-182-363
364,BV,364,N,U,Age,5,Year,NA,NA,2,2,NA,NA,SRSWR,BV_unit_2,NA,182,6-2015-DE_stratum2-2-2-2-5-5-5-10-182-364
183,FM,270,3,Cephalothorax Length,NA,NA,NA,NA,NA,10,6-2015-DE_stratum2-2-2-2-5-5-5-10-183
365,BV,365,N,U,Age,5,Year,NA,NA,2,2,NA,NA,SRSWR,BV_unit_1,NA,183,6-2015-DE_stratum2-2-2-2-5-5-5-10-183-365
366,BV,366,N,U,Age,5,Year,NA,NA,2,2,NA,NA,SRSWR,BV_unit_2,NA,183,6-2015-DE_stratum2-2-2-2-5-5-5-10-183-366
184,FM,280,4,Cephalothorax Length,NA,NA,NA,NA,NA,10,6-2015-DE_stratum2-2-2-2-5-5-5-10-184
367,BV,367,N,U,Age,6,Year,NA,NA,2,2,NA,NA,SRSWR,BV_unit_1,NA,184,6-2015-DE_stratum2-2-2-2-5-5-5-10-184-367
368,BV,368,N,U,Age,6,Year,NA,NA,2,2,NA,NA,SRSWR,BV_unit_2,NA,184,6-2015-DE_stratum2-2-2-2-5-5-5-10-184-368
185,FM,290,5,Cephalothorax Length,NA,NA,NA,NA,NA,10,6-2015-DE_stratum2-2-2-2-5-5-5-10-185
369,BV,369,N,U,Age,6,Year,NA,NA,2,2,NA,NA,SRSWR,BV_unit_1,NA,185,6-2015-DE_stratum2-2-2-2-5-5-5-10-185-369
370,BV,370,N,U,Age,6,Year,NA,NA,2,2,NA,NA,SRSWR,BV_unit_2,NA,185,6-2015-DE_stratum2-2-2-2-5-5-5-10-185-370
186,FM,300,6,Cephalothorax Length,NA,NA,NA,NA,NA,10,6-2015-DE_stratum2-2-2-2-5-5-5-10-186
371,BV,371,N,U,Age,6,Year,NA,NA,2,2,NA,NA,SRSWR,BV_unit_1,NA,186,6-2015-DE_stratum2-2-2-2-5-5-5-10-186-371
372,BV,372,N,U,Age,6,Year,NA,NA,2,2,NA,NA,SRSWR,BV_unit_2,NA,186,6-2015-DE_stratum2-2-2-2-5-5-5-10-186-372
187,FM,310,7,Cephalothorax Length,NA,NA,NA,NA,NA,10,6-2015-DE_stratum2-2-2-2-5-5-5-10-187
373,BV,373,N,U,Age,6,Year,NA,NA,2,2,NA,NA,SRSWR,BV_unit_1,NA,187,6-2015-DE_stratum2-2-2-2-5-5-5-10-187-373
374,BV,374,N,U,Age,6,Year,NA,NA,2,2,NA,NA,SRSWR,BV_unit_2,NA,187,6-2015-DE_stratum2-2-2-2-5-5-5-10-187-374
188,FM,320,8,Cephalothorax Length,NA,NA,NA,NA,NA,10,6-2015-DE_stratum2-2-2-2-5-5-5-10-188
375,BV,375,N,U,Age,6,Year,NA,NA,2,2,NA,NA,SRSWR,BV_unit_1,NA,188,6-2015-DE_stratum2-2-2-2-5-5-5-10-188-375
376,BV,376,N,U,Age,6,Year,NA,NA,2,2,NA,NA,SRSWR,BV_unit_2,NA,188,6-2015-DE_stratum2-2-2-2-5-5-5-10-188-376
189,FM,330,9,Cephalothorax Length,NA,NA,NA,NA,NA,10,6-2015-DE_stratum2-2-2-2-5-5-5-10-189
377,BV,377,N,U,Age,7,Year,NA,NA,2,2,NA,NA,SRSWR,BV_unit_1,NA,189,6-2015-DE_stratum2-2-2-2-5-5-5-10-189-377
378,BV,378,N,U,Age,7,Year,NA,NA,2,2,NA,NA,SRSWR,BV_unit_2,NA,189,6-2015-DE_stratum2-2-2-2-5-5-5-10-189-378
190,FM,340,10,Cephalothorax Length,NA,NA,NA,NA,NA,10,6-2015-DE_stratum2-2-2-2-5-5-5-10-190
379,BV,379,N,U,Age,7,Year,NA,NA,2,2,NA,NA,SRSWR,BV_unit_1,NA,190,6-2015-DE_stratum2-2-2-2-5-5-5-10-190-379
380,BV,380,N,U,Age,7,Year,NA,NA,2,2,NA,NA,SRSWR,BV_unit_2,NA,190,6-2015-DE_stratum2-2-2-2-5-5-5-10-190-380
191,FM,350,10,Cephalothorax Length,NA,NA,NA,NA,NA,10,6-2015-DE_stratum2-2-2-2-5-5-5-10-191
381,BV,381,N,U,Age,7,Year,NA,NA,2,2,NA,NA,SRSWR,BV_unit_1,NA,191,6-2015-DE_stratum2-2-2-2-5-5-5-10-191-381
382,BV,382,N,U,Age,7,Year,NA,NA,2,2,NA,NA,SRSWR,BV_unit_2,NA,191,6-2015-DE_stratum2-2-2-2-5-5-5-10-191-382
192,FM,360,10,Cephalothorax Length,NA,NA,NA,NA,NA,10,6-2015-DE_stratum2-2-2-2-5-5-5-10-192
383,BV,383,N,U,Age,7,Year,NA,NA,2,2,NA,NA,SRSWR,BV_unit_1,NA,192,6-2015-DE_stratum2-2-2-2-5-5-5-10-192-383
384,BV,384,N,U,Age,7,Year,NA,NA,2,2,NA,NA,SRSWR,BV_unit_2,NA,192,6-2015-DE_stratum2-2-2-2-5-5-5-10-192-384
193,FM,370,9,Cephalothorax Length,NA,NA,NA,NA,NA,10,6-2015-DE_stratum2-2-2-2-5-5-5-10-193
385,BV,385,N,U,Age,7,Year,NA,NA,2,2,NA,NA,SRSWR,BV_unit_1,NA,193,6-2015-DE_stratum2-2-2-2-5-5-5-10-193-385
386,BV,386,N,U,Age,7,Year,NA,NA,2,2,NA,NA,SRSWR,BV_unit_2,NA,193,6-2015-DE_stratum2-2-2-2-5-5-5-10-193-386
194,FM,380,8,Cephalothorax Length,NA,NA,NA,NA,NA,10,6-2015-DE_stratum2-2-2-2-5-5-5-10-194
387,BV,387,N,U,Age,8,Year,NA,NA,2,2,NA,NA,SRSWR,BV_unit_1,NA,194,6-2015-DE_stratum2-2-2-2-5-5-5-10-194-387
388,BV,388,N,U,Age,8,Year,NA,NA,2,2,NA,NA,SRSWR,BV_unit_2,NA,194,6-2015-DE_stratum2-2-2-2-5-5-5-10-194-388
195,FM,390,7,Cephalothorax Length,NA,NA,NA,NA,NA,10,6-2015-DE_stratum2-2-2-2-5-5-5-10-195
389,BV,389,N,U,Age,8,Year,NA,NA,2,2,NA,NA,SRSWR,BV_unit_1,NA,195,6-2015-DE_stratum2-2-2-2-5-5-5-10-195-389
390,BV,390,N,U,Age,8,Year,NA,NA,2,2,NA,NA,SRSWR,BV_unit_2,NA,195,6-2015-DE_stratum2-2-2-2-5-5-5-10-195-390
196,FM,400,6,Cephalothorax Length,NA,NA,NA,NA,NA,10,6-2015-DE_stratum2-2-2-2-5-5-5-10-196
391,BV,391,N,U,Age,8,Year,NA,NA,2,2,NA,NA,SRSWR,BV_unit_1,NA,196,6-2015-DE_stratum2-2-2-2-5-5-5-10-196-391
392,BV,392,N,U,Age,8,Year,NA,NA,2,2,NA,NA,SRSWR,BV_unit_2,NA,196,6-2015-DE_stratum2-2-2-2-5-5-5-10-196-392
197,FM,410,5,Cephalothorax Length,NA,NA,NA,NA,NA,10,6-2015-DE_stratum2-2-2-2-5-5-5-10-197
393,BV,393,N,U,Age,8,Year,NA,NA,2,2,NA,NA,SRSWR,BV_unit_1,NA,197,6-2015-DE_stratum2-2-2-2-5-5-5-10-197-393
394,BV,394,N,U,Age,8,Year,NA,NA,2,2,NA,NA,SRSWR,BV_unit_2,NA,197,6-2015-DE_stratum2-2-2-2-5-5-5-10-197-394
198,FM,420,4,Cephalothorax Length,NA,NA,NA,NA,NA,10,6-2015-DE_stratum2-2-2-2-5-5-5-10-198
395,BV,395,N,U,Age,8,Year,NA,NA,2,2,NA,NA,SRSWR,BV_unit_1,NA,198,6-2015-DE_stratum2-2-2-2-5-5-5-10-198-395
396,BV,396,N,U,Age,8,Year,NA,NA,2,2,NA,NA,SRSWR,BV_unit_2,NA,198,6-2015-DE_stratum2-2-2-2-5-5-5-10-198-396
199,FM,430,3,Cephalothorax Length,NA,NA,NA,NA,NA,10,6-2015-DE_stratum2-2-2-2-5-5-5-10-199
397,BV,397,N,U,Age,9,Year,NA,NA,2,2,NA,NA,SRSWR,BV_unit_1,NA,199,6-2015-DE_stratum2-2-2-2-5-5-5-10-199-397
398,BV,398,N,U,Age,9,Year,NA,NA,2,2,NA,NA,SRSWR,BV_unit_2,NA,199,6-2015-DE_stratum2-2-2-2-5-5-5-10-199-398
200,FM,440,2,Cephalothorax Length,NA,NA,NA,NA,NA,10,6-2015-DE_stratum2-2-2-2-5-5-5-10-200
399,BV,399,N,U,Age,9,Year,NA,NA,2,2,NA,NA,SRSWR,BV_unit_1,NA,200,6-2015-DE_stratum2-2-2-2-5-5-5-10-200-399
400,BV,400,N,U,Age,9,Year,NA,NA,2,2,NA,NA,SRSWR,BV_unit_2,NA,200,6-2015-DE_stratum2-2-2-2-5-5-5-10-200-400
9,SA,9,NA,N,U,101170,NA,Boiled,Alive,Lan,HuC,NA,NA,F,NA,27,NA,NotApplicable,NA,NA,NA,DRB_MOL_30_0_0,DRB,NA,NA,NA,Basket,NA,NA,3,2,NA,NA,SRSWR,SA_unit_1,A,NA,Y,NA,NA,NA,NA,NA,5,6-2015-DE_stratum2-2-2-2-5-5-5-9
161,FM,240,1,Cephalothorax Length,NA,NA,NA,NA,NA,9,6-2015-DE_stratum2-2-2-2-5-5-5-9-161
321,BV,321,N,U,Age,5,Year,NA,NA,2,2,NA,NA,SRSWR,BV_unit_1,NA,161,6-2015-DE_stratum2-2-2-2-5-5-5-9-161-321
322,BV,322,N,U,Age,5,Year,NA,NA,2,2,NA,NA,SRSWR,BV_unit_2,NA,161,6-2015-DE_stratum2-2-2-2-5-5-5-9-161-322
162,FM,250,2,Cephalothorax Length,NA,NA,NA,NA,NA,9,6-2015-DE_stratum2-2-2-2-5-5-5-9-162
323,BV,323,N,U,Age,5,Year,NA,NA,2,2,NA,NA,SRSWR,BV_unit_1,NA,162,6-2015-DE_stratum2-2-2-2-5-5-5-9-162-323
324,BV,324,N,U,Age,5,Year,NA,NA,2,2,NA,NA,SRSWR,BV_unit_2,NA,162,6-2015-DE_stratum2-2-2-2-5-5-5-9-162-324
163,FM,260,3,Cephalothorax Length,NA,NA,NA,NA,NA,9,6-2015-DE_stratum2-2-2-2-5-5-5-9-163
325,BV,325,N,U,Age,5,Year,NA,NA,2,2,NA,NA,SRSWR,BV_unit_1,NA,163,6-2015-DE_stratum2-2-2-2-5-5-5-9-163-325
326,BV,326,N,U,Age,5,Year,NA,NA,2,2,NA,NA,SRSWR,BV_unit_2,NA,163,6-2015-DE_stratum2-2-2-2-5-5-5-9-163-326
164,FM,270,4,Cephalothorax Length,NA,NA,NA,NA,NA,9,6-2015-DE_stratum2-2-2-2-5-5-5-9-164
327,BV,327,N,U,Age,5,Year,NA,NA,2,2,NA,NA,SRSWR,BV_unit_1,NA,164,6-2015-DE_stratum2-2-2-2-5-5-5-9-164-327
328,BV,328,N,U,Age,5,Year,NA,NA,2,2,NA,NA,SRSWR,BV_unit_2,NA,164,6-2015-DE_stratum2-2-2-2-5-5-5-9-164-328
165,FM,280,5,Cephalothorax Length,NA,NA,NA,NA,NA,9,6-2015-DE_stratum2-2-2-2-5-5-5-9-165
329,BV,329,N,U,Age,6,Year,NA,NA,2,2,NA,NA,SRSWR,BV_unit_1,NA,165,6-2015-DE_stratum2-2-2-2-5-5-5-9-165-329
330,BV,330,N,U,Age,6,Year,NA,NA,2,2,NA,NA,SRSWR,BV_unit_2,NA,165,6-2015-DE_stratum2-2-2-2-5-5-5-9-165-330
166,FM,290,6,Cephalothorax Length,NA,NA,NA,NA,NA,9,6-2015-DE_stratum2-2-2-2-5-5-5-9-166
331,BV,331,N,U,Age,6,Year,NA,NA,2,2,NA,NA,SRSWR,BV_unit_1,NA,166,6-2015-DE_stratum2-2-2-2-5-5-5-9-166-331
332,BV,332,N,U,Age,6,Year,NA,NA,2,2,NA,NA,SRSWR,BV_unit_2,NA,166,6-2015-DE_stratum2-2-2-2-5-5-5-9-166-332
167,FM,300,7,Cephalothorax Length,NA,NA,NA,NA,NA,9,6-2015-DE_stratum2-2-2-2-5-5-5-9-167
333,BV,333,N,U,Age,6,Year,NA,NA,2,2,NA,NA,SRSWR,BV_unit_1,NA,167,6-2015-DE_stratum2-2-2-2-5-5-5-9-167-333
334,BV,334,N,U,Age,6,Year,NA,NA,2,2,NA,NA,SRSWR,BV_unit_2,NA,167,6-2015-DE_stratum2-2-2-2-5-5-5-9-167-334
168,FM,310,8,Cephalothorax Length,NA,NA,NA,NA,NA,9,6-2015-DE_stratum2-2-2-2-5-5-5-9-168
335,BV,335,N,U,Age,6,Year,NA,NA,2,2,NA,NA,SRSWR,BV_unit_1,NA,168,6-2015-DE_stratum2-2-2-2-5-5-5-9-168-335
336,BV,336,N,U,Age,6,Year,NA,NA,2,2,NA,NA,SRSWR,BV_unit_2,NA,168,6-2015-DE_stratum2-2-2-2-5-5-5-9-168-336
169,FM,320,9,Cephalothorax Length,NA,NA,NA,NA,NA,9,6-2015-DE_stratum2-2-2-2-5-5-5-9-169
337,BV,337,N,U,Age,6,Year,NA,NA,2,2,NA,NA,SRSWR,BV_unit_1,NA,169,6-2015-DE_stratum2-2-2-2-5-5-5-9-169-337
338,BV,338,N,U,Age,6,Year,NA,NA,2,2,NA,NA,SRSWR,BV_unit_2,NA,169,6-2015-DE_stratum2-2-2-2-5-5-5-9-169-338
170,FM,330,10,Cephalothorax Length,NA,NA,NA,NA,NA,9,6-2015-DE_stratum2-2-2-2-5-5-5-9-170
339,BV,339,N,U,Age,7,Year,NA,NA,2,2,NA,NA,SRSWR,BV_unit_1,NA,170,6-2015-DE_stratum2-2-2-2-5-5-5-9-170-339
340,BV,340,N,U,Age,7,Year,NA,NA,2,2,NA,NA,SRSWR,BV_unit_2,NA,170,6-2015-DE_stratum2-2-2-2-5-5-5-9-170-340
171,FM,340,10,Cephalothorax Length,NA,NA,NA,NA,NA,9,6-2015-DE_stratum2-2-2-2-5-5-5-9-171
341,BV,341,N,U,Age,7,Year,NA,NA,2,2,NA,NA,SRSWR,BV_unit_1,NA,171,6-2015-DE_stratum2-2-2-2-5-5-5-9-171-341
342,BV,342,N,U,Age,7,Year,NA,NA,2,2,NA,NA,SRSWR,BV_unit_2,NA,171,6-2015-DE_stratum2-2-2-2-5-5-5-9-171-342
172,FM,350,10,Cephalothorax Length,NA,NA,NA,NA,NA,9,6-2015-DE_stratum2-2-2-2-5-5-5-9-172
343,BV,343,N,U,Age,7,Year,NA,NA,2,2,NA,NA,SRSWR,BV_unit_1,NA,172,6-2015-DE_stratum2-2-2-2-5-5-5-9-172-343
344,BV,344,N,U,Age,7,Year,NA,NA,2,2,NA,NA,SRSWR,BV_unit_2,NA,172,6-2015-DE_stratum2-2-2-2-5-5-5-9-172-344
173,FM,360,9,Cephalothorax Length,NA,NA,NA,NA,NA,9,6-2015-DE_stratum2-2-2-2-5-5-5-9-173
345,BV,345,N,U,Age,7,Year,NA,NA,2,2,NA,NA,SRSWR,BV_unit_1,NA,173,6-2015-DE_stratum2-2-2-2-5-5-5-9-173-345
346,BV,346,N,U,Age,7,Year,NA,NA,2,2,NA,NA,SRSWR,BV_unit_2,NA,173,6-2015-DE_stratum2-2-2-2-5-5-5-9-173-346
174,FM,370,8,Cephalothorax Length,NA,NA,NA,NA,NA,9,6-2015-DE_stratum2-2-2-2-5-5-5-9-174
347,BV,347,N,U,Age,7,Year,NA,NA,2,2,NA,NA,SRSWR,BV_unit_1,NA,174,6-2015-DE_stratum2-2-2-2-5-5-5-9-174-347
348,BV,348,N,U,Age,7,Year,NA,NA,2,2,NA,NA,SRSWR,BV_unit_2,NA,174,6-2015-DE_stratum2-2-2-2-5-5-5-9-174-348
175,FM,380,7,Cephalothorax Length,NA,NA,NA,NA,NA,9,6-2015-DE_stratum2-2-2-2-5-5-5-9-175
349,BV,349,N,U,Age,8,Year,NA,NA,2,2,NA,NA,SRSWR,BV_unit_1,NA,175,6-2015-DE_stratum2-2-2-2-5-5-5-9-175-349
350,BV,350,N,U,Age,8,Year,NA,NA,2,2,NA,NA,SRSWR,BV_unit_2,NA,175,6-2015-DE_stratum2-2-2-2-5-5-5-9-175-350
176,FM,390,6,Cephalothorax Length,NA,NA,NA,NA,NA,9,6-2015-DE_stratum2-2-2-2-5-5-5-9-176
351,BV,351,N,U,Age,8,Year,NA,NA,2,2,NA,NA,SRSWR,BV_unit_1,NA,176,6-2015-DE_stratum2-2-2-2-5-5-5-9-176-351
352,BV,352,N,U,Age,8,Year,NA,NA,2,2,NA,NA,SRSWR,BV_unit_2,NA,176,6-2015-DE_stratum2-2-2-2-5-5-5-9-176-352
177,FM,400,5,Cephalothorax Length,NA,NA,NA,NA,NA,9,6-2015-DE_stratum2-2-2-2-5-5-5-9-177
353,BV,353,N,U,Age,8,Year,NA,NA,2,2,NA,NA,SRSWR,BV_unit_1,NA,177,6-2015-DE_stratum2-2-2-2-5-5-5-9-177-353
354,BV,354,N,U,Age,8,Year,NA,NA,2,2,NA,NA,SRSWR,BV_unit_2,NA,177,6-2015-DE_stratum2-2-2-2-5-5-5-9-177-354
178,FM,410,4,Cephalothorax Length,NA,NA,NA,NA,NA,9,6-2015-DE_stratum2-2-2-2-5-5-5-9-178
355,BV,355,N,U,Age,8,Year,NA,NA,2,2,NA,NA,SRSWR,BV_unit_1,NA,178,6-2015-DE_stratum2-2-2-2-5-5-5-9-178-355
356,BV,356,N,U,Age,8,Year,NA,NA,2,2,NA,NA,SRSWR,BV_unit_2,NA,178,6-2015-DE_stratum2-2-2-2-5-5-5-9-178-356
179,FM,420,3,Cephalothorax Length,NA,NA,NA,NA,NA,9,6-2015-DE_stratum2-2-2-2-5-5-5-9-179
357,BV,357,N,U,Age,8,Year,NA,NA,2,2,NA,NA,SRSWR,BV_unit_1,NA,179,6-2015-DE_stratum2-2-2-2-5-5-5-9-179-357
358,BV,358,N,U,Age,8,Year,NA,NA,2,2,NA,NA,SRSWR,BV_unit_2,NA,179,6-2015-DE_stratum2-2-2-2-5-5-5-9-179-358
180,FM,430,2,Cephalothorax Length,NA,NA,NA,NA,NA,9,6-2015-DE_stratum2-2-2-2-5-5-5-9-180
359,BV,359,N,U,Age,9,Year,NA,NA,2,2,NA,NA,SRSWR,BV_unit_1,NA,180,6-2015-DE_stratum2-2-2-2-5-5-5-9-180-359
360,BV,360,N,U,Age,9,Year,NA,NA,2,2,NA,NA,SRSWR,BV_unit_2,NA,180,6-2015-DE_stratum2-2-2-2-5-5-5-9-180-360
6,FO,N,3,U,N,U,NA,H,I,All,NA,NA,2015-02-14,NA,NA,NA,NA,NA,NA,NA,27,NA,NotApplicable,NA,NA,NA,NA,NA,DRB_MOL_30_0_0,DRB,NA,NA,NA,NA,Funcping,NA,Ha,10,3,NA,NA,SRSWR,FO_unit_3,NA,NA,NA,NA,NA,Y,NA,2,6-2015-DE_stratum2-2-2-2-6
6,LE,VDcode_8,N,6,NA,U,N,U,NA,N,All,VAVAT,NA,VA,2015-05-11,NA,NA,27,NA,NotApplicable,NA,NA,NA,FPN_ANA_>0_0_0,FPN,NA,NA,NA,NA,Funcping,NA,2,1,NA,NA,SRSWR,LE_unit_1,NA,NA,NA,NA,NA,Y,NA,NA,6,6-2015-DE_stratum2-2-2-2-6-6
6,SS,1,N,haul,Lan,vis,U,N,U,Control,VA_2015_SpeciesList,N,4,1,NA,NA,SRSWR,SS_unit_1,NA,NA,NA,NA,NA,Y,NA,6,6-2015-DE_stratum2-2-2-2-6-6-6
11,SA,11,NA,N,U,103306,NA,Boiled,Alive,Lan,HuC,NA,NA,F,NA,27,NA,NotApplicable,NA,NA,NA,DRB_MOL_30_0_0,DRB,NA,NA,NA,Basket,NA,NA,3,2,NA,NA,SRSWR,SA_unit_1,A,NA,Y,NA,NA,NA,NA,NA,6,6-2015-DE_stratum2-2-2-2-6-6-6-11
201,FM,280,1,Cephalothorax Length,NA,NA,NA,NA,NA,11,6-2015-DE_stratum2-2-2-2-6-6-6-11-201
401,BV,401,N,U,Age,6,Year,NA,NA,2,2,NA,NA,SRSWR,BV_unit_1,NA,201,6-2015-DE_stratum2-2-2-2-6-6-6-11-201-401
402,BV,402,N,U,Age,6,Year,NA,NA,2,2,NA,NA,SRSWR,BV_unit_2,NA,201,6-2015-DE_stratum2-2-2-2-6-6-6-11-201-402
202,FM,290,2,Cephalothorax Length,NA,NA,NA,NA,NA,11,6-2015-DE_stratum2-2-2-2-6-6-6-11-202
403,BV,403,N,U,Age,6,Year,NA,NA,2,2,NA,NA,SRSWR,BV_unit_1,NA,202,6-2015-DE_stratum2-2-2-2-6-6-6-11-202-403
404,BV,404,N,U,Age,6,Year,NA,NA,2,2,NA,NA,SRSWR,BV_unit_2,NA,202,6-2015-DE_stratum2-2-2-2-6-6-6-11-202-404
203,FM,300,3,Cephalothorax Length,NA,NA,NA,NA,NA,11,6-2015-DE_stratum2-2-2-2-6-6-6-11-203
405,BV,405,N,U,Age,6,Year,NA,NA,2,2,NA,NA,SRSWR,BV_unit_1,NA,203,6-2015-DE_stratum2-2-2-2-6-6-6-11-203-405
406,BV,406,N,U,Age,6,Year,NA,NA,2,2,NA,NA,SRSWR,BV_unit_2,NA,203,6-2015-DE_stratum2-2-2-2-6-6-6-11-203-406
204,FM,310,4,Cephalothorax Length,NA,NA,NA,NA,NA,11,6-2015-DE_stratum2-2-2-2-6-6-6-11-204
407,BV,407,N,U,Age,6,Year,NA,NA,2,2,NA,NA,SRSWR,BV_unit_1,NA,204,6-2015-DE_stratum2-2-2-2-6-6-6-11-204-407
408,BV,408,N,U,Age,6,Year,NA,NA,2,2,NA,NA,SRSWR,BV_unit_2,NA,204,6-2015-DE_stratum2-2-2-2-6-6-6-11-204-408
205,FM,320,5,Cephalothorax Length,NA,NA,NA,NA,NA,11,6-2015-DE_stratum2-2-2-2-6-6-6-11-205
409,BV,409,N,U,Age,6,Year,NA,NA,2,2,NA,NA,SRSWR,BV_unit_1,NA,205,6-2015-DE_stratum2-2-2-2-6-6-6-11-205-409
410,BV,410,N,U,Age,6,Year,NA,NA,2,2,NA,NA,SRSWR,BV_unit_2,NA,205,6-2015-DE_stratum2-2-2-2-6-6-6-11-205-410
206,FM,330,6,Cephalothorax Length,NA,NA,NA,NA,NA,11,6-2015-DE_stratum2-2-2-2-6-6-6-11-206
411,BV,411,N,U,Age,7,Year,NA,NA,2,2,NA,NA,SRSWR,BV_unit_1,NA,206,6-2015-DE_stratum2-2-2-2-6-6-6-11-206-411
412,BV,412,N,U,Age,7,Year,NA,NA,2,2,NA,NA,SRSWR,BV_unit_2,NA,206,6-2015-DE_stratum2-2-2-2-6-6-6-11-206-412
207,FM,340,7,Cephalothorax Length,NA,NA,NA,NA,NA,11,6-2015-DE_stratum2-2-2-2-6-6-6-11-207
413,BV,413,N,U,Age,7,Year,NA,NA,2,2,NA,NA,SRSWR,BV_unit_1,NA,207,6-2015-DE_stratum2-2-2-2-6-6-6-11-207-413
414,BV,414,N,U,Age,7,Year,NA,NA,2,2,NA,NA,SRSWR,BV_unit_2,NA,207,6-2015-DE_stratum2-2-2-2-6-6-6-11-207-414
208,FM,350,8,Cephalothorax Length,NA,NA,NA,NA,NA,11,6-2015-DE_stratum2-2-2-2-6-6-6-11-208
415,BV,415,N,U,Age,7,Year,NA,NA,2,2,NA,NA,SRSWR,BV_unit_1,NA,208,6-2015-DE_stratum2-2-2-2-6-6-6-11-208-415
416,BV,416,N,U,Age,7,Year,NA,NA,2,2,NA,NA,SRSWR,BV_unit_2,NA,208,6-2015-DE_stratum2-2-2-2-6-6-6-11-208-416
209,FM,360,9,Cephalothorax Length,NA,NA,NA,NA,NA,11,6-2015-DE_stratum2-2-2-2-6-6-6-11-209
417,BV,417,N,U,Age,7,Year,NA,NA,2,2,NA,NA,SRSWR,BV_unit_1,NA,209,6-2015-DE_stratum2-2-2-2-6-6-6-11-209-417
418,BV,418,N,U,Age,7,Year,NA,NA,2,2,NA,NA,SRSWR,BV_unit_2,NA,209,6-2015-DE_stratum2-2-2-2-6-6-6-11-209-418
210,FM,370,10,Cephalothorax Length,NA,NA,NA,NA,NA,11,6-2015-DE_stratum2-2-2-2-6-6-6-11-210
419,BV,419,N,U,Age,7,Year,NA,NA,2,2,NA,NA,SRSWR,BV_unit_1,NA,210,6-2015-DE_stratum2-2-2-2-6-6-6-11-210-419
420,BV,420,N,U,Age,7,Year,NA,NA,2,2,NA,NA,SRSWR,BV_unit_2,NA,210,6-2015-DE_stratum2-2-2-2-6-6-6-11-210-420
211,FM,380,10,Cephalothorax Length,NA,NA,NA,NA,NA,11,6-2015-DE_stratum2-2-2-2-6-6-6-11-211
421,BV,421,N,U,Age,8,Year,NA,NA,2,2,NA,NA,SRSWR,BV_unit_1,NA,211,6-2015-DE_stratum2-2-2-2-6-6-6-11-211-421
422,BV,422,N,U,Age,8,Year,NA,NA,2,2,NA,NA,SRSWR,BV_unit_2,NA,211,6-2015-DE_stratum2-2-2-2-6-6-6-11-211-422
212,FM,390,10,Cephalothorax Length,NA,NA,NA,NA,NA,11,6-2015-DE_stratum2-2-2-2-6-6-6-11-212
423,BV,423,N,U,Age,8,Year,NA,NA,2,2,NA,NA,SRSWR,BV_unit_1,NA,212,6-2015-DE_stratum2-2-2-2-6-6-6-11-212-423
424,BV,424,N,U,Age,8,Year,NA,NA,2,2,NA,NA,SRSWR,BV_unit_2,NA,212,6-2015-DE_stratum2-2-2-2-6-6-6-11-212-424
213,FM,400,9,Cephalothorax Length,NA,NA,NA,NA,NA,11,6-2015-DE_stratum2-2-2-2-6-6-6-11-213
425,BV,425,N,U,Age,8,Year,NA,NA,2,2,NA,NA,SRSWR,BV_unit_1,NA,213,6-2015-DE_stratum2-2-2-2-6-6-6-11-213-425
426,BV,426,N,U,Age,8,Year,NA,NA,2,2,NA,NA,SRSWR,BV_unit_2,NA,213,6-2015-DE_stratum2-2-2-2-6-6-6-11-213-426
214,FM,410,8,Cephalothorax Length,NA,NA,NA,NA,NA,11,6-2015-DE_stratum2-2-2-2-6-6-6-11-214
427,BV,427,N,U,Age,8,Year,NA,NA,2,2,NA,NA,SRSWR,BV_unit_1,NA,214,6-2015-DE_stratum2-2-2-2-6-6-6-11-214-427
428,BV,428,N,U,Age,8,Year,NA,NA,2,2,NA,NA,SRSWR,BV_unit_2,NA,214,6-2015-DE_stratum2-2-2-2-6-6-6-11-214-428
215,FM,420,7,Cephalothorax Length,NA,NA,NA,NA,NA,11,6-2015-DE_stratum2-2-2-2-6-6-6-11-215
429,BV,429,N,U,Age,8,Year,NA,NA,2,2,NA,NA,SRSWR,BV_unit_1,NA,215,6-2015-DE_stratum2-2-2-2-6-6-6-11-215-429
430,BV,430,N,U,Age,8,Year,NA,NA,2,2,NA,NA,SRSWR,BV_unit_2,NA,215,6-2015-DE_stratum2-2-2-2-6-6-6-11-215-430
216,FM,430,6,Cephalothorax Length,NA,NA,NA,NA,NA,11,6-2015-DE_stratum2-2-2-2-6-6-6-11-216
431,BV,431,N,U,Age,9,Year,NA,NA,2,2,NA,NA,SRSWR,BV_unit_1,NA,216,6-2015-DE_stratum2-2-2-2-6-6-6-11-216-431
432,BV,432,N,U,Age,9,Year,NA,NA,2,2,NA,NA,SRSWR,BV_unit_2,NA,216,6-2015-DE_stratum2-2-2-2-6-6-6-11-216-432
217,FM,440,5,Cephalothorax Length,NA,NA,NA,NA,NA,11,6-2015-DE_stratum2-2-2-2-6-6-6-11-217
433,BV,433,N,U,Age,9,Year,NA,NA,2,2,NA,NA,SRSWR,BV_unit_1,NA,217,6-2015-DE_stratum2-2-2-2-6-6-6-11-217-433
434,BV,434,N,U,Age,9,Year,NA,NA,2,2,NA,NA,SRSWR,BV_unit_2,NA,217,6-2015-DE_stratum2-2-2-2-6-6-6-11-217-434
218,FM,450,4,Cephalothorax Length,NA,NA,NA,NA,NA,11,6-2015-DE_stratum2-2-2-2-6-6-6-11-218
435,BV,435,N,U,Age,9,Year,NA,NA,2,2,NA,NA,SRSWR,BV_unit_1,NA,218,6-2015-DE_stratum2-2-2-2-6-6-6-11-218-435
436,BV,436,N,U,Age,9,Year,NA,NA,2,2,NA,NA,SRSWR,BV_unit_2,NA,218,6-2015-DE_stratum2-2-2-2-6-6-6-11-218-436
219,FM,460,3,Cephalothorax Length,NA,NA,NA,NA,NA,11,6-2015-DE_stratum2-2-2-2-6-6-6-11-219
437,BV,437,N,U,Age,9,Year,NA,NA,2,2,NA,NA,SRSWR,BV_unit_1,NA,219,6-2015-DE_stratum2-2-2-2-6-6-6-11-219-437
438,BV,438,N,U,Age,9,Year,NA,NA,2,2,NA,NA,SRSWR,BV_unit_2,NA,219,6-2015-DE_stratum2-2-2-2-6-6-6-11-219-438
220,FM,470,2,Cephalothorax Length,NA,NA,NA,NA,NA,11,6-2015-DE_stratum2-2-2-2-6-6-6-11-220
439,BV,439,N,U,Age,9,Year,NA,NA,2,2,NA,NA,SRSWR,BV_unit_1,NA,220,6-2015-DE_stratum2-2-2-2-6-6-6-11-220-439
440,BV,440,N,U,Age,9,Year,NA,NA,2,2,NA,NA,SRSWR,BV_unit_2,NA,220,6-2015-DE_stratum2-2-2-2-6-6-6-11-220-440
12,SA,12,NA,N,U,10194,NA,Boiled,Alive,Lan,HuC,NA,NA,F,NA,27,NA,NotApplicable,NA,NA,NA,FPN_DEF_>0_0_0,FPN,NA,NA,NA,Basket,NA,NA,3,2,NA,NA,SRSWR,SA_unit_2,A,NA,Y,NA,NA,NA,NA,NA,6,6-2015-DE_stratum2-2-2-2-6-6-6-12
221,FM,180,1,Cephalothorax Length,NA,NA,NA,NA,NA,12,6-2015-DE_stratum2-2-2-2-6-6-6-12-221
441,BV,441,N,U,Age,4,Year,NA,NA,2,2,NA,NA,SRSWR,BV_unit_1,NA,221,6-2015-DE_stratum2-2-2-2-6-6-6-12-221-441
442,BV,442,N,U,Age,4,Year,NA,NA,2,2,NA,NA,SRSWR,BV_unit_2,NA,221,6-2015-DE_stratum2-2-2-2-6-6-6-12-221-442
222,FM,190,2,Cephalothorax Length,NA,NA,NA,NA,NA,12,6-2015-DE_stratum2-2-2-2-6-6-6-12-222
443,BV,443,N,U,Age,4,Year,NA,NA,2,2,NA,NA,SRSWR,BV_unit_1,NA,222,6-2015-DE_stratum2-2-2-2-6-6-6-12-222-443
444,BV,444,N,U,Age,4,Year,NA,NA,2,2,NA,NA,SRSWR,BV_unit_2,NA,222,6-2015-DE_stratum2-2-2-2-6-6-6-12-222-444
223,FM,200,3,Cephalothorax Length,NA,NA,NA,NA,NA,12,6-2015-DE_stratum2-2-2-2-6-6-6-12-223
445,BV,445,N,U,Age,4,Year,NA,NA,2,2,NA,NA,SRSWR,BV_unit_1,NA,223,6-2015-DE_stratum2-2-2-2-6-6-6-12-223-445
446,BV,446,N,U,Age,4,Year,NA,NA,2,2,NA,NA,SRSWR,BV_unit_2,NA,223,6-2015-DE_stratum2-2-2-2-6-6-6-12-223-446
224,FM,210,4,Cephalothorax Length,NA,NA,NA,NA,NA,12,6-2015-DE_stratum2-2-2-2-6-6-6-12-224
447,BV,447,N,U,Age,4,Year,NA,NA,2,2,NA,NA,SRSWR,BV_unit_1,NA,224,6-2015-DE_stratum2-2-2-2-6-6-6-12-224-447
448,BV,448,N,U,Age,4,Year,NA,NA,2,2,NA,NA,SRSWR,BV_unit_2,NA,224,6-2015-DE_stratum2-2-2-2-6-6-6-12-224-448
225,FM,220,5,Cephalothorax Length,NA,NA,NA,NA,NA,12,6-2015-DE_stratum2-2-2-2-6-6-6-12-225
449,BV,449,N,U,Age,4,Year,NA,NA,2,2,NA,NA,SRSWR,BV_unit_1,NA,225,6-2015-DE_stratum2-2-2-2-6-6-6-12-225-449
450,BV,450,N,U,Age,4,Year,NA,NA,2,2,NA,NA,SRSWR,BV_unit_2,NA,225,6-2015-DE_stratum2-2-2-2-6-6-6-12-225-450
226,FM,230,6,Cephalothorax Length,NA,NA,NA,NA,NA,12,6-2015-DE_stratum2-2-2-2-6-6-6-12-226
451,BV,451,N,U,Age,5,Year,NA,NA,2,2,NA,NA,SRSWR,BV_unit_1,NA,226,6-2015-DE_stratum2-2-2-2-6-6-6-12-226-451
452,BV,452,N,U,Age,5,Year,NA,NA,2,2,NA,NA,SRSWR,BV_unit_2,NA,226,6-2015-DE_stratum2-2-2-2-6-6-6-12-226-452
227,FM,240,7,Cephalothorax Length,NA,NA,NA,NA,NA,12,6-2015-DE_stratum2-2-2-2-6-6-6-12-227
453,BV,453,N,U,Age,5,Year,NA,NA,2,2,NA,NA,SRSWR,BV_unit_1,NA,227,6-2015-DE_stratum2-2-2-2-6-6-6-12-227-453
454,BV,454,N,U,Age,5,Year,NA,NA,2,2,NA,NA,SRSWR,BV_unit_2,NA,227,6-2015-DE_stratum2-2-2-2-6-6-6-12-227-454
228,FM,250,8,Cephalothorax Length,NA,NA,NA,NA,NA,12,6-2015-DE_stratum2-2-2-2-6-6-6-12-228
455,BV,455,N,U,Age,5,Year,NA,NA,2,2,NA,NA,SRSWR,BV_unit_1,NA,228,6-2015-DE_stratum2-2-2-2-6-6-6-12-228-455
456,BV,456,N,U,Age,5,Year,NA,NA,2,2,NA,NA,SRSWR,BV_unit_2,NA,228,6-2015-DE_stratum2-2-2-2-6-6-6-12-228-456
229,FM,260,9,Cephalothorax Length,NA,NA,NA,NA,NA,12,6-2015-DE_stratum2-2-2-2-6-6-6-12-229
457,BV,457,N,U,Age,5,Year,NA,NA,2,2,NA,NA,SRSWR,BV_unit_1,NA,229,6-2015-DE_stratum2-2-2-2-6-6-6-12-229-457
458,BV,458,N,U,Age,5,Year,NA,NA,2,2,NA,NA,SRSWR,BV_unit_2,NA,229,6-2015-DE_stratum2-2-2-2-6-6-6-12-229-458
230,FM,270,10,Cephalothorax Length,NA,NA,NA,NA,NA,12,6-2015-DE_stratum2-2-2-2-6-6-6-12-230
459,BV,459,N,U,Age,5,Year,NA,NA,2,2,NA,NA,SRSWR,BV_unit_1,NA,230,6-2015-DE_stratum2-2-2-2-6-6-6-12-230-459
460,BV,460,N,U,Age,5,Year,NA,NA,2,2,NA,NA,SRSWR,BV_unit_2,NA,230,6-2015-DE_stratum2-2-2-2-6-6-6-12-230-460
231,FM,280,10,Cephalothorax Length,NA,NA,NA,NA,NA,12,6-2015-DE_stratum2-2-2-2-6-6-6-12-231
461,BV,461,N,U,Age,6,Year,NA,NA,2,2,NA,NA,SRSWR,BV_unit_1,NA,231,6-2015-DE_stratum2-2-2-2-6-6-6-12-231-461
462,BV,462,N,U,Age,6,Year,NA,NA,2,2,NA,NA,SRSWR,BV_unit_2,NA,231,6-2015-DE_stratum2-2-2-2-6-6-6-12-231-462
232,FM,290,10,Cephalothorax Length,NA,NA,NA,NA,NA,12,6-2015-DE_stratum2-2-2-2-6-6-6-12-232
463,BV,463,N,U,Age,6,Year,NA,NA,2,2,NA,NA,SRSWR,BV_unit_1,NA,232,6-2015-DE_stratum2-2-2-2-6-6-6-12-232-463
464,BV,464,N,U,Age,6,Year,NA,NA,2,2,NA,NA,SRSWR,BV_unit_2,NA,232,6-2015-DE_stratum2-2-2-2-6-6-6-12-232-464
233,FM,300,9,Cephalothorax Length,NA,NA,NA,NA,NA,12,6-2015-DE_stratum2-2-2-2-6-6-6-12-233
465,BV,465,N,U,Age,6,Year,NA,NA,2,2,NA,NA,SRSWR,BV_unit_1,NA,233,6-2015-DE_stratum2-2-2-2-6-6-6-12-233-465
466,BV,466,N,U,Age,6,Year,NA,NA,2,2,NA,NA,SRSWR,BV_unit_2,NA,233,6-2015-DE_stratum2-2-2-2-6-6-6-12-233-466
234,FM,310,8,Cephalothorax Length,NA,NA,NA,NA,NA,12,6-2015-DE_stratum2-2-2-2-6-6-6-12-234
467,BV,467,N,U,Age,6,Year,NA,NA,2,2,NA,NA,SRSWR,BV_unit_1,NA,234,6-2015-DE_stratum2-2-2-2-6-6-6-12-234-467
468,BV,468,N,U,Age,6,Year,NA,NA,2,2,NA,NA,SRSWR,BV_unit_2,NA,234,6-2015-DE_stratum2-2-2-2-6-6-6-12-234-468
235,FM,320,7,Cephalothorax Length,NA,NA,NA,NA,NA,12,6-2015-DE_stratum2-2-2-2-6-6-6-12-235
469,BV,469,N,U,Age,6,Year,NA,NA,2,2,NA,NA,SRSWR,BV_unit_1,NA,235,6-2015-DE_stratum2-2-2-2-6-6-6-12-235-469
470,BV,470,N,U,Age,6,Year,NA,NA,2,2,NA,NA,SRSWR,BV_unit_2,NA,235,6-2015-DE_stratum2-2-2-2-6-6-6-12-235-470
236,FM,330,6,Cephalothorax Length,NA,NA,NA,NA,NA,12,6-2015-DE_stratum2-2-2-2-6-6-6-12-236
471,BV,471,N,U,Age,7,Year,NA,NA,2,2,NA,NA,SRSWR,BV_unit_1,NA,236,6-2015-DE_stratum2-2-2-2-6-6-6-12-236-471
472,BV,472,N,U,Age,7,Year,NA,NA,2,2,NA,NA,SRSWR,BV_unit_2,NA,236,6-2015-DE_stratum2-2-2-2-6-6-6-12-236-472
237,FM,340,5,Cephalothorax Length,NA,NA,NA,NA,NA,12,6-2015-DE_stratum2-2-2-2-6-6-6-12-237
473,BV,473,N,U,Age,7,Year,NA,NA,2,2,NA,NA,SRSWR,BV_unit_1,NA,237,6-2015-DE_stratum2-2-2-2-6-6-6-12-237-473
474,BV,474,N,U,Age,7,Year,NA,NA,2,2,NA,NA,SRSWR,BV_unit_2,NA,237,6-2015-DE_stratum2-2-2-2-6-6-6-12-237-474
238,FM,350,4,Cephalothorax Length,NA,NA,NA,NA,NA,12,6-2015-DE_stratum2-2-2-2-6-6-6-12-238
475,BV,475,N,U,Age,7,Year,NA,NA,2,2,NA,NA,SRSWR,BV_unit_1,NA,238,6-2015-DE_stratum2-2-2-2-6-6-6-12-238-475
476,BV,476,N,U,Age,7,Year,NA,NA,2,2,NA,NA,SRSWR,BV_unit_2,NA,238,6-2015-DE_stratum2-2-2-2-6-6-6-12-238-476
239,FM,360,3,Cephalothorax Length,NA,NA,NA,NA,NA,12,6-2015-DE_stratum2-2-2-2-6-6-6-12-239
477,BV,477,N,U,Age,7,Year,NA,NA,2,2,NA,NA,SRSWR,BV_unit_1,NA,239,6-2015-DE_stratum2-2-2-2-6-6-6-12-239-477
478,BV,478,N,U,Age,7,Year,NA,NA,2,2,NA,NA,SRSWR,BV_unit_2,NA,239,6-2015-DE_stratum2-2-2-2-6-6-6-12-239-478
240,FM,370,2,Cephalothorax Length,NA,NA,NA,NA,NA,12,6-2015-DE_stratum2-2-2-2-6-6-6-12-240
479,BV,479,N,U,Age,7,Year,NA,NA,2,2,NA,NA,SRSWR,BV_unit_1,NA,240,6-2015-DE_stratum2-2-2-2-6-6-6-12-240-479
480,BV,480,N,U,Age,7,Year,NA,NA,2,2,NA,NA,SRSWR,BV_unit_2,NA,240,6-2015-DE_stratum2-2-2-2-6-6-6-12-240-480
